cruise_velocity_m_s,trial,completed_duration_s,waypoints_completed,laps_completed,success,cross_track_rmse_m,altitude_rmse_m,airspeed_rmse_m_s,mean_airspeed_m_s,minimum_altitude_m,mean_throttle,mass_kg,cla,cd0,thrust_max_n,initial_speed_m_s,initial_heading_rad
1.0,0,60.0,15,3.75,0,3.00243768682026,0.44750960177975974,3.813100517921903,4.775585257472118,1.8970641312376257,0.3306885236902474,0.065,4.7,0.06,0.3,4.0,1.4288992721907328
1.0,1,60.0,15,3.75,0,3.0799386463572276,0.48419028113937634,3.9002511432907867,4.858568731518708,1.8895645484373944,0.2914307022690991,0.06577673839752203,4.570952355386659,0.0551469765634464,0.33000624819513635,3.9705706040793256,1.4182988268893335
1.0,2,60.0,15,3.75,0,3.0927243715956148,0.4493527436441016,3.918536572194878,4.884809242094357,1.9071338999794645,0.3332482531665809,0.06428724157605824,4.1638551873761624,0.06636539174031647,0.3114338956812706,4.134814580815061,1.44120695245206
1.0,3,60.0,15,3.75,0,3.0037487980203443,0.4381337853496167,3.8094822209986936,4.773408970781204,1.9087582130722474,0.3256497951150712,0.06268446121923109,4.336350357380637,0.05515479194800862,0.2820106664684216,4.17178330111812,1.4246835883790174
1.0,4,60.0,15,3.75,0,3.0723295723764563,0.4510460265169859,3.8976051615969953,4.862144858626558,1.908911664532134,0.3231753729115356,0.06381785595855352,4.180630719342732,0.059804869770326875,0.30111774343157194,3.8014708311273617,1.422012753510219
1.0,5,60.0,15,3.75,0,2.9191427323525656,0.4326987349081271,3.713680191984818,4.677609739831451,1.9253599686980816,0.31906539161691194,0.0624217189570092,4.63370430103694,0.06530633920429904,0.3086503437550528,3.8808036451019428,1.390010992718187
1.0,6,60.0,15,3.75,0,3.085752178241131,0.4555221832743616,3.9159634740956553,4.8792771191705935,1.8989276246060653,0.32653607457903244,0.06515637336675334,4.342580092232875,0.056498397403540186,0.2971682681197388,4.097035513386014,1.428497097086861
1.0,7,60.0,15,3.75,0,3.0956025844154196,0.47496912889268206,3.9361549619241565,4.897731987854831,1.9066920812927746,0.3370405724170366,0.06848455963844179,4.77649654918772,0.05932978830249504,0.3102436540079281,3.701137032373826,1.4134153665088793
1.0,8,60.0,15,3.75,0,2.9395083928786603,0.4383671618277308,3.743411121748064,4.7062605826318835,1.9024550607139956,0.32546422753656296,0.06372026305176655,4.744203806428032,0.06066278485949688,0.2990022401977588,3.930524520257145,1.4696048105776907
1.0,9,60.0,15,3.75,0,2.958425104448216,0.448610034753657,3.760215378255463,4.722041447592736,1.9003860727855157,0.3108933962130066,0.06338676526046816,4.647285473614353,0.060382690645530375,0.31000871341251496,3.9854069611494864,1.4516963615488432
1.0,10,60.0,15,3.75,0,3.0823561019702934,0.48563910378650865,4.054779403447637,5.0171971254890435,1.8657464414803289,0.296649904084192,0.06627358933048151,3.9902737615486155,0.052649665041493834,0.32157783887484226,4.188552246593023,1.4280565011100315
1.0,11,60.0,15,3.75,0,3.0642570761841528,0.4478277536997146,3.887441684560816,4.851753123101668,1.913191787848752,0.35062150789516466,0.06592790622121616,4.548088603371248,0.06045684138226205,0.2898650662349152,4.103410585085613,1.4522301712184607
1.0,12,60.0,15,3.75,0,3.0086869499062963,0.4362352434950472,3.817541147513689,4.782788675078044,1.9235119275881294,0.35070653930877055,0.06527407704739453,4.6863227333968975,0.06815294053044922,0.3030470791558441,3.95091798696667,1.4170355867813895
1.0,13,60.0,15,3.75,0,2.9162250520508546,0.4466040759927397,3.711910478253376,4.671435536857452,1.914032412473853,0.2987795772637873,0.06258078308375867,4.731953134052932,0.0507171319312291,0.29305038635192376,3.9447136158850062,1.4656254103938693
1.0,14,60.0,15,3.75,0,3.0844609413564554,0.444698538718744,3.9145669003423236,4.880821933652267,1.924213164561128,0.3439167961275127,0.06492394526159549,4.2685017141274795,0.06515629612812958,0.30190902616838744,3.9624706899223114,1.4287107919669706
1.0,15,60.0,15,3.75,0,3.076573168986961,0.4474937013562248,3.9142480755782376,4.8793880237739415,1.944238423408629,0.3667233253630594,0.06680778830559155,4.5652735761584315,0.060716124154179485,0.2821920820822479,4.228529410068424,1.4492631579477007
1.5,0,60.0,15,3.75,0,3.0022250295359307,0.4477291723686072,3.3189755590949597,4.775787740718966,1.8965480117145648,0.3306620390690211,0.065,4.7,0.06,0.3,4.0,1.4288992721907328
1.5,1,60.0,15,3.75,0,3.0793181192445545,0.4843918855291527,3.406875611341995,4.8590644174052535,1.889394255335684,0.2914084735776693,0.06577673839752203,4.570952355386659,0.0551469765634464,0.33000624819513635,3.9705706040793256,1.4182988268893335
1.5,2,60.0,15,3.75,0,3.087465652434287,0.44883480871082654,3.4241896743147944,4.885617662975394,1.9066334913634617,0.3333589677474899,0.06428724157605824,4.1638551873761624,0.06636539174031647,0.3114338956812706,4.134814580815061,1.44120695245206
1.5,3,60.0,15,3.75,0,3.0036248047419942,0.43835823700453913,3.315121748773355,4.773586616006675,1.908178615633349,0.3256265254177779,0.06268446121923109,4.336350357380637,0.05515479194800862,0.2820106664684216,4.17178330111812,1.4246835883790174
1.5,4,60.0,15,3.75,0,3.0731415254236603,0.4508537486616353,3.403561488621448,4.8629154713061,1.9083571684042238,0.3232569717072059,0.06381785595855352,4.180630719342732,0.059804869770326875,0.30111774343157194,3.8014708311273617,1.422012753510219
1.5,5,60.0,15,3.75,0,2.919601277290305,0.43298144075147965,3.2191454555768626,4.677450026859397,1.92457357095276,0.31902074426433696,0.0624217189570092,4.63370430103694,0.06530633920429904,0.3086503437550528,3.8808036451019428,1.390010992718187
1.5,6,60.0,15,3.75,0,3.085653898736896,0.4557544386267806,3.421552799811861,4.879487899221146,1.8984319244269483,0.32651253051162327,0.06515637336675334,4.342580092232875,0.056498397403540186,0.2971682681197388,4.097035513386014,1.428497097086861
1.5,7,60.0,15,3.75,0,3.091884653620021,0.4748475160113459,3.442025881969353,4.898021703901439,1.9062077613282906,0.3370749863556918,0.06848455963844179,4.77649654918772,0.05932978830249504,0.3102436540079281,3.701137032373826,1.4134153665088793
1.5,8,60.0,15,3.75,0,2.9393137591953398,0.43854017867023376,3.24939055103851,4.7065034508518595,1.9020487968356474,0.32543872028738785,0.06372026305176655,4.744203806428032,0.06066278485949688,0.2990022401977588,3.930524520257145,1.4696048105776907
1.5,9,60.0,15,3.75,0,2.959037019655395,0.44844006130206754,3.2667544263487858,4.722737181264293,1.90234979293193,0.3108958891264162,0.06338676526046816,4.647285473614353,0.060382690645530375,0.31000871341251496,3.9854069611494864,1.4516963615488432
1.5,10,60.0,15,3.75,0,3.0828047525022675,0.48557544577029527,3.560352777028188,5.017497997309274,1.8660818271766484,0.29663376700335653,0.06627358933048151,3.9902737615486155,0.052649665041493834,0.32157783887484226,4.188552246593023,1.4280565011100315
1.5,11,60.0,15,3.75,0,3.0661856515354144,0.44767979299429994,3.393253900693529,4.852294128947327,1.9149764877513353,0.3506747606667383,0.06592790622121616,4.548088603371248,0.06045684138226205,0.2898650662349152,4.103410585085613,1.4522301712184607
1.5,12,60.0,15,3.75,0,3.0134231991450746,0.435252661716499,3.3237384640318255,4.783730032111042,1.9337827934676712,0.35078098604626323,0.06527407704739453,4.6863227333968975,0.06815294053044922,0.3030470791558441,3.95091798696667,1.4170355867813895
1.5,13,60.0,15,3.75,0,2.9168395646555494,0.4465485427207473,3.218558498834381,4.671796179067884,1.914411122150653,0.2987574299870681,0.06258078308375867,4.731953134052932,0.0507171319312291,0.29305038635192376,3.9447136158850062,1.4656254103938693
1.5,14,60.0,15,3.75,0,3.084279269414059,0.4449677498314998,3.4197192523535267,4.881025677787615,1.9232773928871705,0.34389475625662064,0.06492394526159549,4.2685017141274795,0.06515629612812958,0.30190902616838744,3.9624706899223114,1.4287107919669706
1.5,15,60.0,15,3.75,0,3.07536455797254,0.44730497485353,3.4201107187807853,4.880167639104413,1.9468259918219422,0.3667693018383113,0.06680778830559155,4.5652735761584315,0.060716124154179485,0.2821920820822479,4.228529410068424,1.4492631579477007
2.0,0,60.0,15,3.75,0,3.0021789116577717,0.44780606986187776,2.8267152533962108,4.7758718235864865,1.8963687095070394,0.33065366859770007,0.065,4.7,0.06,0.3,4.0,1.4288992721907328
2.0,1,60.0,15,3.75,0,3.07951456485466,0.4844089535404915,2.915193998495892,4.859174016964623,1.8895159993067623,0.2914008847222052,0.06577673839752203,4.570952355386659,0.0551469765634464,0.33000624819513635,3.9705706040793256,1.4182988268893335
2.0,2,60.0,15,3.75,0,3.0891154478218326,0.4490865172160533,2.9306569772931232,4.885465045535422,1.9063841216856758,0.33332169062237044,0.06428724157605824,4.1638551873761624,0.06636539174031647,0.3114338956812706,4.134814580815061,1.44120695245206
2.0,3,60.0,15,3.75,0,3.0035941317388044,0.438428622483463,2.8225659976801323,4.773659310184732,1.9079998965214393,0.32561879105224206,0.06268446121923109,4.336350357380637,0.05515479194800862,0.2820106664684216,4.17178330111812,1.4246835883790174
2.0,4,60.0,15,3.75,0,3.0730818943272182,0.45098201812248684,2.910666796714403,4.86302120085667,1.908056020791722,0.3232457074604975,0.06381785595855352,4.180630719342732,0.059804869770326875,0.30111774343157194,3.8014708311273617,1.422012753510219
2.0,5,60.0,15,3.75,0,2.919532710723633,0.43307002424922786,2.7269115573222757,4.677551524555782,1.9242275522241852,0.31901141809816436,0.0624217189570092,4.63370430103694,0.06530633920429904,0.3086503437550528,3.8808036451019428,1.390010992718187
2.0,6,60.0,15,3.75,0,3.085642425424158,0.4558243452450533,2.9288182514404855,4.879557132760738,1.8982693751593358,0.3265062430869301,0.06515637336675334,4.342580092232875,0.056498397403540186,0.2971682681197388,4.097035513386014,1.428497097086861
2.0,7,60.0,15,3.75,0,3.0931528667989037,0.4745141403828705,2.9493467901386627,4.897895035920728,1.909528456993379,0.3370193347499377,0.06848455963844179,4.77649654918772,0.05932978830249504,0.3102436540079281,3.701137032373826,1.4134153665088793
2.0,8,60.0,15,3.75,0,2.939240148478902,0.43860718867359566,2.7572875114520383,4.706606564683314,1.9018910604093577,0.3254284491110535,0.06372026305176655,4.744203806428032,0.06066278485949688,0.2990022401977588,3.930524520257145,1.4696048105776907
2.0,9,60.0,15,3.75,0,2.9590242551233725,0.4484870565575682,2.774793521231036,4.722826194072511,1.902257252232015,0.31088948800222627,0.06338676526046816,4.647285473614353,0.060382690645530375,0.31000871341251496,3.9854069611494864,1.4516963615488432
2.0,10,60.0,15,3.75,0,3.082935462045486,0.4855567864881158,3.067425197486929,5.017578631406292,1.8661805706663785,0.2966291251685691,0.06627358933048151,3.9902737615486155,0.052649665041493834,0.32157783887484226,4.188552246593023,1.4280565011100315
2.0,11,60.0,15,3.75,0,3.065938056506023,0.44756429074708226,2.9003113249567667,4.85230253095205,1.9146788052791344,0.3506587288965409,0.06592790622121616,4.548088603371248,0.06045684138226205,0.2898650662349152,4.103410585085613,1.4522301712184607
2.0,12,60.0,15,3.75,0,3.013314781100316,0.43534901774087653,2.830888193052095,4.7837984077930695,1.9333791007144858,0.3507721300956994,0.06527407704739453,4.6863227333968975,0.06815294053044922,0.3030470791558441,3.95091798696667,1.4170355867813895
2.0,13,60.0,15,3.75,0,2.9149368741935637,0.4467184483776092,2.7261051860954324,4.670744135420966,1.9125558888261802,0.2986505559369969,0.06258078308375867,4.731953134052932,0.0507171319312291,0.29305038635192376,3.9447136158850062,1.4656254103938693
2.0,14,60.0,15,3.75,0,3.0841734522965556,0.4450700463949065,2.9263921117504093,4.881072932991582,1.9229455110988232,0.34388577294252726,0.06492394526159549,4.2685017141274795,0.06515629612812958,0.30190902616838744,3.9624706899223114,1.4287107919669706
2.0,15,60.0,15,3.75,0,3.0752559634291186,0.4474815924540003,2.926975542930045,4.8801946614252625,1.9463125818333045,0.36675672412137955,0.06680778830559155,4.5652735761584315,0.060716124154179485,0.2821920820822479,4.228529410068424,1.4492631579477007
2.5,0,60.0,15,3.75,0,3.0055897821329665,0.44779768946118825,2.3386471795066592,4.776881680607535,1.8982575474095353,0.33072489520995096,0.065,4.7,0.06,0.3,4.0,1.4288992721907328
2.5,1,60.0,15,3.75,0,3.080005019860418,0.48445038605621926,2.427037069795511,4.859463359947728,1.8897940185511743,0.29138287858702766,0.06577673839752203,4.570952355386659,0.0551469765634464,0.33000624819513635,3.9705706040793256,1.4182988268893335
2.5,2,60.0,15,3.75,0,3.090360970310067,0.4490502891553122,2.4401260550714614,4.885627374719361,1.9080167819386917,0.33330362827702514,0.06428724157605824,4.1638551873761624,0.06636539174031647,0.3114338956812706,4.134814580815061,1.44120695245206
2.5,3,60.0,15,3.75,0,3.0034919431660105,0.4386442817531394,2.33328729228431,4.773858120569474,1.9074595062338746,0.32559569215347595,0.06268446121923109,4.336350357380637,0.05515479194800862,0.2820106664684216,4.17178330111812,1.4246835883790174
2.5,4,60.0,15,3.75,0,3.0729918730767762,0.4511983914871362,2.420740973825061,4.863218943546212,1.9075568933508626,0.32322641363966587,0.06381785595855352,4.180630719342732,0.059804869770326875,0.30111774343157194,3.8014708311273617,1.422012753510219
2.5,5,60.0,15,3.75,0,2.9154464362143515,0.4328528845494276,2.238156527578284,4.677747955870938,1.9257500713711508,0.3189978690934857,0.0624217189570092,4.63370430103694,0.06530633920429904,0.3086503437550528,3.8808036451019428,1.390010992718187
2.5,6,60.0,15,3.75,0,3.085164822301743,0.455805306631175,2.439302921485028,4.8799414222076996,1.8978610748912512,0.326529946469682,0.06515637336675334,4.342580092232875,0.056498397403540186,0.2971682681197388,4.097035513386014,1.428497097086861
2.5,7,60.0,15,3.75,0,3.0929669834021305,0.47481530165234576,2.46002960740611,4.898082134043788,1.9090240674867516,0.3369926844082391,0.06848455963844179,4.77649654918772,0.05932978830249504,0.3102436540079281,3.701137032373826,1.4134153665088793
2.5,8,60.0,15,3.75,0,2.9425749215762487,0.43838811028089236,2.2697562518125225,4.707768339648251,1.9047593157934377,0.3254870921016299,0.06372026305176655,4.744203806428032,0.06066278485949688,0.2990022401977588,3.930524520257145,1.4696048105776907
2.5,9,60.0,15,3.75,0,2.9621355209043325,0.4487149262885896,2.2868895818196346,4.72351205617829,1.902045529114074,0.31093416045276373,0.06338676526046816,4.647285473614353,0.060382690645530375,0.31000871341251496,3.9854069611494864,1.4516963615488432
2.5,10,60.0,15,3.75,0,3.07626595519093,0.48536064300496584,2.5769301030156195,5.017452069455171,1.869283508987742,0.29655262050766923,0.06627358933048151,3.9902737615486155,0.052649665041493834,0.32157783887484226,4.188552246593023,1.4280565011100315
2.5,11,60.0,15,3.75,0,3.06707860401454,0.4476020378948807,2.4105846757175655,4.85257302918225,1.9139085977497676,0.35067320475563146,0.06592790622121616,4.548088603371248,0.06045684138226205,0.2898650662349152,4.103410585085613,1.4522301712184607
2.5,12,60.0,15,3.75,0,3.0130990468165773,0.4355702472331631,2.3411482335071887,4.783965327704496,1.9324759872322628,0.350752439120983,0.06527407704739453,4.6863227333968975,0.06815294053044922,0.3030470791558441,3.95091798696667,1.4170355867813895
2.5,13,60.0,15,3.75,0,2.914656844846128,0.4466342927380615,2.239208417700443,4.671461303014317,1.9128661654438557,0.29865781308985684,0.06258078308375867,4.731953134052932,0.0507171319312291,0.29305038635192376,3.9447136158850062,1.4656254103938693
2.5,14,60.0,15,3.75,0,3.084020245795562,0.44529483490399435,2.43589131607215,4.881238765224396,1.9221854418553432,0.34386732853599383,0.06492394526159549,4.2685017141274795,0.06515629612812958,0.30190902616838744,3.9624706899223114,1.4287107919669706
2.5,15,60.0,15,3.75,0,3.0759333791831915,0.44623226498986435,2.4371273210811975,4.880805486390705,1.953021394864516,0.3668643243731515,0.06680778830559155,4.5652735761584315,0.060716124154179485,0.2821920820822479,4.228529410068424,1.4492631579477007
3.0,0,60.0,15,3.75,0,3.003449862885309,0.4477954890137959,1.8546285213744977,4.776152251284643,1.8971572615224033,0.33061065256009653,0.065,4.7,0.06,0.3,4.0,1.4288992721907328
3.0,1,60.0,15,3.75,0,3.080712305140697,0.48451399199614115,1.9448923442639843,4.85990245275536,1.8901692518642799,0.2913568441065691,0.06577673839752203,4.570952355386659,0.0551469765634464,0.33000624819513635,3.9705706040793256,1.4182988268893335
3.0,2,60.0,15,3.75,0,3.090239165537923,0.44928067205753186,1.954383628352244,4.885871370518026,1.9071054219032582,0.33328403651986005,0.06428724157605824,4.1638551873761624,0.06636539174031647,0.3114338956812706,4.134814580815061,1.44120695245206
3.0,3,60.0,15,3.75,0,3.003369769642082,0.43889618741465763,1.849685804734681,4.774094741672827,1.906850102411667,0.32556801996368523,0.06268446121923109,4.336350357380637,0.05515479194800862,0.2820106664684216,4.17178330111812,1.4246835883790174
3.0,4,60.0,15,3.75,0,3.0728686000304166,0.45149432186440336,1.935939387221532,4.86347591197059,1.9068929560041912,0.3232002335569086,0.06381785595855352,4.180630719342732,0.059804869770326875,0.30111774343157194,3.8014708311273617,1.422012753510219
3.0,5,60.0,15,3.75,0,2.9153233568071895,0.43310081425942937,1.755758091271439,4.678026235984398,1.9248334461063359,0.3189742941555039,0.0624217189570092,4.63370430103694,0.06530633920429904,0.3086503437550528,3.8808036451019428,1.390010992718187
3.0,6,60.0,15,3.75,0,3.085019772698803,0.4560966747222347,1.954828543997881,4.880198750824018,1.8973089170495552,0.326499073082471,0.06515637336675334,4.342580092232875,0.056498397403540186,0.2971682681197388,4.097035513386014,1.428497097086861
3.0,7,60.0,15,3.75,0,3.0891604511443775,0.47486231052219174,1.976168071308347,4.898487300244847,1.9082774076248912,0.33701203420367953,0.06848455963844179,4.77649654918772,0.05932978830249504,0.3102436540079281,3.701137032373826,1.4134153665088793
3.0,8,60.0,15,3.75,0,2.9450572499641674,0.4386189933552932,1.7883485071376295,4.708909418888777,1.904305755989289,0.32554781891085005,0.06372026305176655,4.744203806428032,0.06066278485949688,0.2990022401977588,3.930524520257145,1.4696048105776907
3.0,9,60.0,15,3.75,0,2.9623416078878813,0.44839346376762207,1.8060148714156232,4.724851514460892,1.905727246100838,0.31099827089025406,0.06338676526046816,4.647285473614353,0.060382690645530375,0.31000871341251496,3.9854069611494864,1.4516963615488432
3.0,10,60.0,15,3.75,0,3.0767077505743465,0.48531282945136367,2.091505990311811,5.017779583837503,1.8695860102081925,0.29653489059573035,0.06627358933048151,3.9902737615486155,0.052649665041493834,0.32157783887484226,4.188552246593023,1.4280565011100315
3.0,11,60.0,15,3.75,0,3.0667790983657555,0.4480150455680801,1.9259511413185326,4.8527921074771525,1.9128454039889637,0.3506358665107292,0.06592790622121616,4.548088603371248,0.06045684138226205,0.2898650662349152,4.103410585085613,1.4522301712184607
3.0,12,60.0,15,3.75,0,3.010608494480861,0.43622555062875884,1.8564053951071409,4.783717357817726,1.9258574478752795,0.35066916696559475,0.06527407704739453,4.6863227333968975,0.06815294053044922,0.3030470791558441,3.95091798696667,1.4170355867813895
3.0,13,60.0,15,3.75,0,2.913553828797892,0.4466770103283452,1.7594173769712098,4.67229652752041,1.9132924954089015,0.2986715080559551,0.06258078308375867,4.731953134052932,0.0507171319312291,0.29305038635192376,3.9447136158850062,1.4656254103938693
3.0,14,60.0,15,3.75,0,3.085617465332847,0.4450982299888947,1.9500315596618654,4.881333754960798,1.9235664987966965,0.34384718940066317,0.06492394526159549,4.2685017141274795,0.06515629612812958,0.30190902616838744,3.9624706899223114,1.4287107919669706
3.0,15,60.0,15,3.75,0,3.08253065809325,0.44714908690109495,1.9514991906919992,4.880541656169093,1.951239560099166,0.36674997929663095,0.06680778830559155,4.5652735761584315,0.060716124154179485,0.2821920820822479,4.228529410068424,1.4492631579477007
3.5,0,60.0,15,3.75,0,3.0068493711794755,0.4474195676587986,1.3844985055399817,4.777346328863651,1.9012771433793918,0.3306677938610912,0.065,4.7,0.06,0.3,4.0,1.4288992721907328
3.5,1,60.0,15,3.75,0,3.0243690326093313,0.48549569343952,1.4792579366127911,4.867328583993279,1.8762932240688468,0.2924103028838409,0.06577673839752203,4.570952355386659,0.0551469765634464,0.33000624819513635,3.9705706040793256,1.4182988268893335
3.5,2,60.0,15,3.75,0,3.0866578616517493,0.44812446528205635,1.4779786822671397,4.886224306147186,1.9145341779861058,0.33334380797713054,0.06428724157605824,4.1638551873761624,0.06636539174031647,0.3114338956812706,4.134814580815061,1.44120695245206
3.5,3,60.0,15,3.75,0,3.0044129649960807,0.4388851854953482,1.3780386476802928,4.774750079013511,1.908439844003636,0.32555945795030555,0.06268446121923109,4.336350357380637,0.05515479194800862,0.2820106664684216,4.17178330111812,1.4246835883790174
3.5,4,60.0,15,3.75,0,3.0754163518695776,0.4506623842588697,1.4616780970494763,4.864329780339296,1.9139291055588228,0.32325201993326524,0.06381785595855352,4.180630719342732,0.059804869770326875,0.30111774343157194,3.8014708311273617,1.422012753510219
3.5,5,60.0,15,3.75,0,2.916730527280181,0.43302357111471085,1.286654021053118,4.678346080804133,1.9259952732751608,0.3189389831868356,0.0624217189570092,4.63370430103694,0.06530633920429904,0.3086503437550528,3.8808036451019428,1.390010992718187
3.5,6,60.0,15,3.75,0,3.0910695220999647,0.45657631387009173,1.480784896350224,4.880614446811907,1.8942070873292118,0.3264619091045839,0.06515637336675334,4.342580092232875,0.056498397403540186,0.2971682681197388,4.097035513386014,1.428497097086861
3.5,7,60.0,15,3.75,0,3.096800533444855,0.47678895305154023,1.5030805619607017,4.899024666526712,1.9029661706147587,0.3368433532339722,0.06848455963844179,4.77649654918772,0.05932978830249504,0.3102436540079281,3.701137032373826,1.4134153665088793
3.5,8,60.0,15,3.75,0,2.9408367757085347,0.4386291626842739,1.3192523182122446,4.709322223599836,1.9047070125592467,0.32551027127523474,0.06372026305176655,4.744203806428032,0.06066278485949688,0.2990022401977588,3.930524520257145,1.4696048105776907
3.5,9,60.0,15,3.75,0,2.9621793529584073,0.4486144763419889,1.3372140088820073,4.725307034281984,1.9053391548009513,0.3109590218052067,0.06338676526046816,4.647285473614353,0.060382690645530375,0.31000871341251496,3.9854069611494864,1.4516963615488432
3.5,10,60.0,15,3.75,0,3.0773531898773805,0.4852582687694023,1.6149604238888795,5.018285032173943,1.87000384473052,0.29650700308952177,0.06627358933048151,3.9902737615486155,0.052649665041493834,0.32157783887484226,4.188552246593023,1.4280565011100315
3.5,11,60.0,15,3.75,0,3.0668636030438727,0.4480897148371591,1.4512674234697072,4.852604586462614,1.910703798203157,0.3505455417640999,0.06592790622121616,4.548088603371248,0.06045684138226205,0.2898650662349152,4.103410585085613,1.4522301712184607
3.5,12,60.0,15,3.75,0,3.0154568026307946,0.43658562344339796,1.3829377503342082,4.783686922016259,1.9240133532336376,0.35060375398161575,0.06527407704739453,4.6863227333968975,0.06815294053044922,0.3030470791558441,3.95091798696667,1.4170355867813895
3.5,13,60.0,15,3.75,0,2.914775876610387,0.4465795972044936,1.2941187500133244,4.672957658797869,1.9138999627692947,0.29863131294349793,0.06258078308375867,4.731953134052932,0.0507171319312291,0.29305038635192376,3.9447136158850062,1.4656254103938693
3.5,14,60.0,15,3.75,0,3.085306375989919,0.4455651270586947,1.4739125368160615,4.881682213359743,1.9220327898908158,0.34380878636358925,0.06492394526159549,4.2685017141274795,0.06515629612812958,0.30190902616838744,3.9624706899223114,1.4287107919669706
3.5,15,60.0,15,3.75,0,3.0777886704354507,0.4470655325454575,1.4761431012493251,4.881061995606363,1.9483944718942443,0.3667815688350601,0.06680778830559155,4.5652735761584315,0.060716124154179485,0.2821920820822479,4.228529410068424,1.4492631579477007
4.0,0,60.0,15,3.75,1,3.0068448427066494,0.4481802536073163,0.9438847367729405,4.777964581552997,1.8992020954175912,0.3305399637328825,0.065,4.7,0.06,0.3,4.0,1.4288992721907328
4.0,1,60.0,15,3.75,0,3.023873614513582,0.4850720278466039,1.0360646366109996,4.868876694133007,1.8799021726028449,0.2923188502396518,0.06577673839752203,4.570952355386659,0.0551469765634464,0.33000624819513635,3.9705706040793256,1.4182988268893335
4.0,2,60.0,15,3.75,0,3.0853173278361417,0.4482507249685003,1.0246077439594776,4.887192844284284,1.9120621898709236,0.3333673182614336,0.06428724157605824,4.1638551873761624,0.06636539174031647,0.3114338956812706,4.134814580815061,1.44120695245206
4.0,3,60.0,15,3.75,1,3.004083478023946,0.43954447020503135,0.9359474727830388,4.775685326520441,1.9040138044523378,0.3254936666770769,0.06268446121923109,4.336350357380637,0.05515479194800862,0.2820106664684216,4.17178330111812,1.4246835883790174
4.0,4,60.0,15,3.75,0,3.077444960168557,0.4516438423049945,1.012811789054319,4.866212656734445,1.914386797348367,0.3231695536298028,0.06381785595855352,4.180630719342732,0.059804869770326875,0.30111774343157194,3.8014708311273617,1.422012753510219
4.0,5,60.0,15,3.75,1,2.921069091560468,0.431253529011255,0.8568178540030031,4.682976928368606,1.9414459899612713,0.31898770336840465,0.0624217189570092,4.63370430103694,0.06530633920429904,0.3086503437550528,3.8808036451019428,1.390010992718187
4.0,6,60.0,15,3.75,0,3.0923116478562376,0.45750355360989386,1.0313005430470406,4.881140608017379,1.892815165213624,0.3263498949854678,0.06515637336675334,4.342580092232875,0.056498397403540186,0.2971682681197388,4.097035513386014,1.428497097086861
4.0,7,60.0,15,3.75,0,3.094090153801828,0.4773404939734211,1.0555224047813336,4.901249308455397,1.9108843472449275,0.3367920001408217,0.06848455963844179,4.77649654918772,0.05932978830249504,0.3102436540079281,3.701137032373826,1.4134153665088793
4.0,8,60.0,15,3.75,1,2.943202655923616,0.43774108858764393,0.884589005256703,4.710257342360999,1.911865975126324,0.32529728654810725,0.06372026305176655,4.744203806428032,0.06066278485949688,0.2990022401977588,3.930524520257145,1.4696048105776907
4.0,9,60.0,15,3.75,1,2.9632696144602537,0.44751969557339555,0.9024679762631449,4.726482515394091,1.9125618728812634,0.3107950723118515,0.06338676526046816,4.647285473614353,0.060382690645530375,0.31000871341251496,3.9854069611494864,1.4516963615488432
4.0,10,60.0,15,3.75,0,3.0740331854265808,0.4843031436960388,1.1579239981634306,5.018817515895465,1.8753435812349195,0.2964161150262505,0.06627358933048151,3.9902737615486155,0.052649665041493834,0.32157783887484226,4.188552246593023,1.4280565011100315
4.0,11,60.0,15,3.75,0,3.0671877524096973,0.44922978838238137,1.0023149927226858,4.852977347498408,1.9077627286949659,0.35041350458596265,0.06592790622121616,4.548088603371248,0.06045684138226205,0.2898650662349152,4.103410585085613,1.4522301712184607
4.0,12,60.0,15,3.75,1,3.013962202106787,0.43757654432030757,0.9393682238298577,4.785597518615988,1.9214555320583389,0.35058995988021513,0.06527407704739453,4.6863227333968975,0.06815294053044922,0.3030470791558441,3.95091798696667,1.4170355867813895
4.0,13,60.0,15,3.75,1,2.9182760496714453,0.4419038360228364,0.8703621160832554,4.678362685291551,1.9395554152680736,0.2985145215601927,0.06258078308375867,4.731953134052932,0.0507171319312291,0.29305038635192376,3.9447136158850062,1.4656254103938693
4.0,14,60.0,15,3.75,0,3.0866997647360854,0.4459832798492485,1.0212635406960098,4.882802031947029,1.9230574877824735,0.3437733444293715,0.06492394526159549,4.2685017141274795,0.06515629612812958,0.30190902616838744,3.9624706899223114,1.4287107919669706
4.0,15,60.0,15,3.75,0,3.0784455968715716,0.4479752810662787,1.0244451650090314,4.88192416129557,1.9465763683112869,0.36676094250362967,0.06680778830559155,4.5652735761584315,0.060716124154179485,0.2821920820822479,4.228529410068424,1.4492631579477007
4.5,0,60.0,15,3.75,1,3.092183717791206,0.4150568825039639,0.6410292167946562,4.866293441458409,2.0706825247015703,0.33207044917177675,0.065,4.7,0.06,0.3,4.0,1.4288992721907328
4.5,1,60.0,15,3.75,1,3.0636546139784078,0.4555766726126586,0.7023594830836295,4.932365409114085,2.008956606636398,0.29265192852712946,0.06577673839752203,4.570952355386659,0.0551469765634464,0.33000624819513635,3.9705706040793256,1.4182988268893335
4.5,2,60.0,15,3.75,1,3.1173648493989576,0.42183702506173687,0.6604445848515561,4.926806569456919,2.0295778331229277,0.33437458325110075,0.06428724157605824,4.1638551873761624,0.06636539174031647,0.3114338956812706,4.134814580815061,1.44120695245206
4.5,3,60.0,15,3.75,1,3.0846040247386344,0.4014747891790503,0.6269762815958977,4.857540051001911,2.093082273077179,0.3268948606742706,0.06268446121923109,4.336350357380637,0.05515479194800862,0.2820106664684216,4.17178330111812,1.4246835883790174
4.5,4,60.0,15,3.75,1,3.1159228995052546,0.4239837193315129,0.6626018104484558,4.917785470797801,2.0503241811498403,0.3240693668980311,0.06381785595855352,4.180630719342732,0.059804869770326875,0.30111774343157194,3.8014708311273617,1.422012753510219
4.5,5,60.0,15,3.75,1,3.0563426264871687,0.39631257321814284,0.5956712204862467,4.814957231991114,2.1271168565381187,0.3222642883107802,0.0624217189570092,4.63370430103694,0.06530633920429904,0.3086503437550528,3.8808036451019428,1.390010992718187
4.5,6,60.0,15,3.75,1,3.1213121568900126,0.42714232383048145,0.67967409293723,4.930759709083375,2.036062669496438,0.32700300314308683,0.06515637336675334,4.342580092232875,0.056498397403540186,0.2971682681197388,4.097035513386014,1.428497097086861
4.5,7,60.0,15,3.75,1,3.1295304568396882,0.45506800731470276,0.7054455368832483,4.9509632613458905,2.009329904867043,0.33708007728855877,0.06848455963844179,4.77649654918772,0.05932978830249504,0.3102436540079281,3.701137032373826,1.4134153665088793
4.5,8,60.0,15,3.75,1,3.074117767355403,0.4007229874108831,0.6132026297909221,4.831163197509188,2.1034712087405407,0.3276315617257995,0.06372026305176655,4.744203806428032,0.06066278485949688,0.2990022401977588,3.930524520257145,1.4696048105776907
4.5,9,60.0,15,3.75,1,3.0828644016224533,0.408409104335318,0.6230874149404684,4.842398205501602,2.105577676537244,0.3131626784925693,0.06338676526046816,4.647285473614353,0.060382690645530375,0.31000871341251496,3.9854069611494864,1.4516963615488432
4.5,10,60.0,15,3.75,1,3.092425340972103,0.46808591003283057,0.7638312872718633,5.036256524617764,1.9374309621651824,0.2963139349472713,0.06627358933048151,3.9902737615486155,0.052649665041493834,0.32157783887484226,4.188552246593023,1.4280565011100315
4.5,11,60.0,15,3.75,1,3.114750329977239,0.4207832808031822,0.6609091483493523,4.908175648103688,2.0419769857625254,0.35130744463636404,0.06592790622121616,4.548088603371248,0.06045684138226205,0.2898650662349152,4.103410585085613,1.4522301712184607
4.5,12,60.0,15,3.75,1,3.089704232327253,0.41082697346406444,0.6254259730417331,4.861656268818881,2.0610798818211515,0.3523591994438265,0.06527407704739453,4.6863227333968975,0.06815294053044922,0.3030470791558441,3.95091798696667,1.4170355867813895
4.5,13,60.0,15,3.75,1,3.0961946659969284,0.417985940540586,0.6516600418330316,4.85451503686836,2.1317256207345214,0.30051625137425925,0.06258078308375867,4.731953134052932,0.0507171319312291,0.29305038635192376,3.9447136158850062,1.4656254103938693
4.5,14,60.0,15,3.75,1,3.1128058792840383,0.4213485930920566,0.6600426370171072,4.924612446684848,2.037367582146858,0.3446983812111255,0.06492394526159549,4.2685017141274795,0.06515629612812958,0.30190902616838744,3.9624706899223114,1.4287107919669706
4.5,15,60.0,15,3.75,1,3.112055695124767,0.4211767309497502,0.6668560531068194,4.9237051007055115,2.048944235425539,0.3675191456306739,0.06680778830559155,4.5652735761584315,0.060716124154179485,0.2821920820822479,4.228529410068424,1.4492631579477007
5.0,0,60.0,16,4.0,1,3.402095232712947,0.4890599918125568,0.6404758748438202,5.317417751306312,1.8562452949860053,0.34254270624762495,0.065,4.7,0.06,0.3,4.0,1.4288992721907328
5.0,1,60.0,16,4.0,1,3.4075194980270997,0.5156056639026273,0.6716656984644245,5.352566504166073,1.878769257844774,0.297376704353514,0.06577673839752203,4.570952355386659,0.0551469765634464,0.33000624819513635,3.9705706040793256,1.4182988268893335
5.0,2,60.0,16,4.0,1,3.337229567219804,0.4669223393972647,0.5976828132127759,5.298872163881001,1.9177207073050089,0.34584927537079013,0.06428724157605824,4.1638551873761624,0.06636539174031647,0.3114338956812706,4.134814580815061,1.44120695245206
5.0,3,60.0,16,4.0,1,3.4106196638619153,0.47760268792655536,0.6350738478053932,5.317212208164535,1.8704558489803111,0.33694327889353415,0.06268446121923109,4.336350357380637,0.05515479194800862,0.2820106664684216,4.17178330111812,1.4246835883790174
5.0,4,60.0,16,4.0,1,3.3602040219003526,0.4812932055668779,0.6185584284876258,5.3109944957891635,1.8998552742379025,0.3337509057503085,0.06381785595855352,4.180630719342732,0.059804869770326875,0.30111774343157194,3.8014708311273617,1.422012753510219
5.0,5,60.0,16,4.0,1,3.4135339834666087,0.4919865407096113,0.6282912653365761,5.30325661298192,1.8459657358216877,0.338142714934626,0.0624217189570092,4.63370430103694,0.06530633920429904,0.3086503437550528,3.8808036451019428,1.390010992718187
5.0,6,60.0,16,4.0,1,3.3590885747817505,0.4782671382417053,0.631548299859651,5.3210576928729445,1.900802078641343,0.3341393982090761,0.06515637336675334,4.342580092232875,0.056498397403540186,0.2971682681197388,4.097035513386014,1.428497097086861
5.0,7,60.0,16,4.0,1,3.342727746682944,0.49982796501403387,0.6433741940384254,5.322486615286094,1.8868939281124242,0.3430348868795034,0.06848455963844179,4.77649654918772,0.05932978830249504,0.3102436540079281,3.701137032373826,1.4134153665088793
5.0,8,60.0,16,4.0,1,3.4187124006147354,0.4918564328912309,0.6431877320578462,5.316082546704817,1.842321815314627,0.34026187041511324,0.06372026305176655,4.744203806428032,0.06066278485949688,0.2990022401977588,3.930524520257145,1.4696048105776907
5.0,9,60.0,16,4.0,1,3.434344883963311,0.4971298452791944,0.6467779943611646,5.323994388664806,1.851580616753406,0.32532575262664676,0.06338676526046816,4.647285473614353,0.060382690645530375,0.31000871341251496,3.9854069611494864,1.4516963615488432
5.0,10,60.0,16,4.0,1,3.3304682525991263,0.48309374772513547,0.6398947802608572,5.341518803268103,1.967173753825588,0.29910127236337125,0.06627358933048151,3.9902737615486155,0.052649665041493834,0.32157783887484226,4.188552246593023,1.4280565011100315
5.0,11,60.0,16,4.0,1,3.358283272681157,0.47096400302047037,0.6231929216925625,5.30782227413087,1.8937631974341904,0.3609389546170674,0.06592790622121616,4.548088603371248,0.06045684138226205,0.2898650662349152,4.103410585085613,1.4522301712184607
5.0,12,60.0,16,4.0,1,3.3592664163634494,0.47684149756651517,0.610947857160168,5.2914667914461075,1.8715374097491657,0.3665827119987338,0.06527407704739453,4.6863227333968975,0.06815294053044922,0.3030470791558441,3.95091798696667,1.4170355867813895
5.0,13,60.0,16,4.0,1,3.4717074207463887,0.5079081893276892,0.6831965580184833,5.347692117374005,1.8300470839709098,0.30817694878554924,0.06258078308375867,4.731953134052932,0.0507171319312291,0.29305038635192376,3.9447136158850062,1.4656254103938693
5.0,14,60.0,16,4.0,1,3.339450936230221,0.4678833731930836,0.6015063562242582,5.296689559545247,1.9104012403468866,0.3558900313023357,0.06492394526159549,4.2685017141274795,0.06515629612812958,0.30190902616838744,3.9624706899223114,1.4287107919669706
5.0,15,60.0,15,3.75,1,3.4101957399830036,0.46317990543710386,0.6235320275945473,5.307827181436084,1.9209426356610018,0.37684889885518924,0.06680778830559155,4.5652735761584315,0.060716124154179485,0.2821920820822479,4.228529410068424,1.4492631579477007
