random_seed,requested_duration_s,sweep_parameter,sweep_nominal_value,sweep_scale,sweep_applied_value,failure_mode,time_to_failure_s,maximum_abs_roll_deg,maximum_abs_pitch_deg,maximum_abs_angle_of_attack_deg,stall_fraction,aileron_saturation_fraction,elevator_saturation_fraction,throttle_saturation_fraction,cruise_velocity_m_s,trial,completed_duration_s,waypoints_completed,laps_completed,success,cross_track_rmse_m,altitude_rmse_m,airspeed_rmse_m_s,mean_airspeed_m_s,minimum_altitude_m,mean_throttle,mass_kg,cla,cd0,thrust_max_n,initial_speed_m_s,initial_heading_rad
7,60.0,altitude_gain,2.0,-10.0,-20.0,ground_impact,8.36,32.233453941792135,7.563140071365595,7.397570177617373,0.0,0.5222929936305732,0.0,0.0,4.0,0,8.36,3,0.75,0,1.507966183571998,2.0519194761430684,0.48958014734103955,4.414669502779732,-0.006634040642992297,0.10056650291191745,0.065,4.7,0.06,0.3,4.0,1.4288992721907328
7,60.0,altitude_gain,2.0,-10.0,-20.0,ground_impact,8.48,33.616466263974026,7.609751564371912,7.350202304876719,0.0,0.54858934169279,0.0,0.0,4.0,1,8.48,3,0.75,0,1.8415039927404033,1.9903912203083562,0.6348085388839156,4.557688555990634,-0.009040492615591651,0.0815544253501728,0.06577673839752203,4.570952355386659,0.0551469765634464,0.33000624819513635,3.9705706040793256,1.4182988268893335
7,60.0,altitude_gain,2.0,-10.0,-20.0,ground_impact,8.1,32.76940574375759,7.355161805683142,7.4042653530459015,0.0,0.5164473684210527,0.0,0.0,4.0,2,8.1,3,0.75,0,1.4581107287502661,2.0766771817979324,0.5681889019877877,4.510932392602361,-0.002482423127288965,0.10540751542258188,0.06428724157605824,4.1638551873761624,0.06636539174031647,0.3114338956812706,4.134814580815061,1.44120695245206
7,60.0,altitude_gain,2.0,-10.0,-20.0,ground_impact,8.48,32.37941629030771,6.859061197130749,7.329440080010411,0.0,0.5329153605015674,0.0,0.0,4.0,3,8.48,3,0.75,0,1.635384701613609,2.028399958648339,0.5334328338817114,4.461789090646188,-0.009291058623587149,0.09184898717845628,0.06268446121923109,4.336350357380637,0.05515479194800862,0.2820106664684216,4.17178330111812,1.4246835883790174
7,60.0,altitude_gain,2.0,-10.0,-20.0,ground_impact,8.26,33.025469981663356,8.63325759540982,7.348242669059957,0.0,0.5290322580645161,0.0,0.0,4.0,4,8.26,3,0.75,0,1.5269344367316384,2.0538652273375932,0.583938737460833,4.51970088500944,-0.004684067280855041,0.09980430592660318,0.06381785595855352,4.180630719342732,0.059804869770326875,0.30111774343157194,3.8014708311273617,1.422012753510219
7,60.0,altitude_gain,2.0,-10.0,-20.0,ground_impact,8.5,31.843505443111358,7.669561400433654,7.41164709086999,0.0,0.5266457680250783,0.0,0.0,4.0,5,8.5,3,0.75,0,1.4768452470947369,2.038982795461785,0.4137942128090982,4.3312600115501745,-0.0031305021769663065,0.10226798350744289,0.0624217189570092,4.63370430103694,0.06530633920429904,0.3086503437550528,3.8808036451019428,1.390010992718187
7,60.0,altitude_gain,2.0,-10.0,-20.0,ground_impact,8.26,33.01426561020844,7.464276334896842,7.362394809328419,0.0,0.5290322580645161,0.0,0.0,4.0,6,8.26,3,0.75,0,1.5850763518614217,2.041951434211843,0.6086904958158084,4.542263142161015,-0.0006399373861471994,0.09525298274108868,0.06515637336675334,4.342580092232875,0.056498397403540186,0.2971682681197388,4.097035513386014,1.428497097086861
7,60.0,altitude_gain,2.0,-10.0,-20.0,ground_impact,8.16,33.17470154450419,9.227244994400333,7.46691264360641,0.0,0.5276872964169381,0.0,0.0,4.0,7,8.16,3,0.75,0,1.4845841583625576,2.0768986861873486,0.5803285580586102,4.509762834908428,-0.011165859855800134,0.10755837462720114,0.06848455963844179,4.77649654918772,0.05932978830249504,0.3102436540079281,3.701137032373826,1.4134153665088793
7,60.0,altitude_gain,2.0,-10.0,-20.0,ground_impact,8.48,31.693987210858843,7.6179317752710825,7.368160000226561,0.0,0.5172413793103449,0.0,0.0,4.0,8,8.48,3,0.75,0,1.559546596368903,2.0466688881726833,0.4556833936821619,4.377149195843466,-0.009006726674209944,0.10139495872096087,0.06372026305176655,4.744203806428032,0.06066278485949688,0.2990022401977588,3.930524520257145,1.4696048105776907
7,60.0,altitude_gain,2.0,-10.0,-20.0,ground_impact,8.52,32.18101853831378,7.3204536382456755,7.353468274506797,0.0,0.528125,0.0,0.0,4.0,9,8.52,3,0.75,0,1.615006174490991,2.0180889810394826,0.4823145580227464,4.403456569913354,-0.0009115686801537664,0.09401044973659411,0.06338676526046816,4.647285473614353,0.060382690645530375,0.31000871341251496,3.9854069611494864,1.4516963615488432
7,60.0,altitude_gain,2.0,-10.0,-20.0,ground_impact,8.22,34.452807618269674,7.347434978662346,7.3235489309439235,0.0,0.5469255663430421,0.0,0.0,4.0,10,8.22,3,0.75,0,1.8980531782274532,2.0007019815958538,0.8231013349773284,4.760291061399192,-0.0014138378555370416,0.08227559059836492,0.06627358933048151,3.9902737615486155,0.052649665041493834,0.32157783887484226,4.188552246593023,1.4280565011100315
7,60.0,altitude_gain,2.0,-10.0,-20.0,ground_impact,8.14,32.28360089648526,7.513601065505539,7.418306970130419,0.0,0.5130718954248366,0.0,0.0,4.0,11,8.14,3,0.75,0,1.4583717480085352,2.0854753641178627,0.5318216572412922,4.4677110287359065,-0.0027120041350974042,0.10773076252105458,0.06592790622121616,4.548088603371248,0.06045684138226205,0.2898650662349152,4.103410585085613,1.4522301712184607
7,60.0,altitude_gain,2.0,-10.0,-20.0,ground_impact,8.14,31.85085261963315,7.909494662420014,7.483472106224431,0.0,0.5098039215686274,0.0,0.0,4.0,12,8.14,3,0.75,0,1.3922030654386452,2.1005454128971786,0.43717216680527743,4.3693516335206315,-0.0016775641430167246,0.11541150929935516,0.06527407704739453,4.6863227333968975,0.06815294053044922,0.3030470791558441,3.95091798696667,1.4170355867813895
7,60.0,altitude_gain,2.0,-10.0,-20.0,ground_impact,8.8,32.16371421623232,7.283817910263259,7.267484261320703,0.0,0.5377643504531722,0.0,0.0,4.0,13,8.8,3,0.75,0,1.8905733166275338,1.9786762904995348,0.5075751997363327,4.418919187833649,-0.004581513140266235,0.08264648458015736,0.06258078308375867,4.731953134052932,0.0507171319312291,0.29305038635192376,3.9447136158850062,1.4656254103938693
7,60.0,altitude_gain,2.0,-10.0,-20.0,ground_impact,8.06,32.65699119379917,8.128438423290877,7.440904618804159,0.0,0.5181518151815182,0.0,0.0,4.0,14,8.06,3,0.75,0,1.4219044552838975,2.096700867211086,0.5498995851747289,4.49104201753359,-0.0036900944653288636,0.11057094328446568,0.06492394526159549,4.2685017141274795,0.06515629612812958,0.30190902616838744,3.9624706899223114,1.4287107919669706
7,60.0,altitude_gain,2.0,-10.0,-20.0,ground_impact,8.040000000000001,32.235146989365774,7.2101894151056225,7.468652936644082,0.0,0.5099337748344371,0.0,0.0,4.0,15,8.040000000000001,3,0.75,0,1.417394209103688,2.1046298775597916,0.5321587474707844,4.471223988625545,-0.0027994760036368638,0.1126945162089639,0.06680778830559155,4.5652735761584315,0.060716124154179485,0.2821920820822479,4.228529410068424,1.4492631579477007
7,60.0,altitude_gain,2.0,-4.0,-8.0,ground_impact,8.44,32.3664002610326,7.536297725458029,7.389585132326477,0.0,0.5299684542586751,0.0,0.0,4.0,0,8.44,3,0.75,0,1.5814622839218566,2.039650463739308,0.5065758478712465,4.430211379594511,-0.010550178187569929,0.10203158393165793,0.065,4.7,0.06,0.3,4.0,1.4288992721907328
7,60.0,altitude_gain,2.0,-4.0,-8.0,ground_impact,8.56,33.74404881993671,7.584972334447001,7.341861508955073,0.0,0.5527950310559007,0.0,0.0,4.0,1,8.56,3,0.75,0,1.9395946297916875,1.9745381522661611,0.6469019149381798,4.569274158409943,-0.009731645511310729,0.08264160454562058,0.06577673839752203,4.570952355386659,0.0551469765634464,0.33000624819513635,3.9705706040793256,1.4182988268893335
7,60.0,altitude_gain,2.0,-4.0,-8.0,ground_impact,8.18,32.894782309706734,7.330549729408833,7.394963348205086,0.0,0.5211726384364821,0.0,0.0,4.0,2,8.18,3,0.75,0,1.5078043107312356,2.0618736521621015,0.5809820104389177,4.522670816182183,-0.005155057053732454,0.10674270510238108,0.06428724157605824,4.1638551873761624,0.06636539174031647,0.3114338956812706,4.134814580815061,1.44120695245206
7,60.0,altitude_gain,2.0,-4.0,-8.0,ground_impact,8.56,32.514549491219384,6.836780728378427,7.321578535528005,0.0,0.5372670807453416,0.0,0.0,4.0,3,8.56,3,0.75,0,1.7350164791228306,2.014575847044104,0.5498261800829102,4.477007783611499,-0.011269724662343035,0.0934087481828863,0.06268446121923109,4.336350357380637,0.05515479194800862,0.2820106664684216,4.17178330111812,1.4246835883790174
7,60.0,altitude_gain,2.0,-4.0,-8.0,ground_impact,8.32,33.13615844840526,8.604991830556147,7.338074167735944,0.0,0.5335463258785943,0.0,0.0,4.0,4,8.32,3,0.75,0,1.6153488065518404,2.0417663793697236,0.6044271567277654,4.53958355844092,-0.004410813689632115,0.10148748068644883,0.06381785595855352,4.180630719342732,0.059804869770326875,0.30111774343157194,3.8014708311273617,1.422012753510219
7,60.0,altitude_gain,2.0,-4.0,-8.0,ground_impact,8.58,31.991804588905012,7.6432594993715535,7.403540165699217,0.0,0.531055900621118,0.0,0.0,4.0,5,8.58,3,0.75,0,1.5475496095112542,2.0252066600545544,0.4292901823191909,4.3456043292051705,-0.005274496329462083,0.10354706826416983,0.0624217189570092,4.63370430103694,0.06530633920429904,0.3086503437550528,3.8808036451019428,1.390010992718187
7,60.0,altitude_gain,2.0,-4.0,-8.0,ground_impact,8.34,33.13653136356571,7.440011975922789,7.364209627218558,0.0,0.536741214057508,0.0,0.0,4.0,6,8.34,3,0.75,0,1.679453334865599,2.030910193640756,0.6269597375597613,4.559018670408508,-0.006477992117233414,0.0968166947466915,0.06515637336675334,4.342580092232875,0.056498397403540186,0.2971682681197388,4.097035513386014,1.428497097086861
7,60.0,altitude_gain,2.0,-4.0,-8.0,ground_impact,8.22,33.2708982419637,9.199193479783064,7.467700034525247,0.0,0.5339805825242718,0.0,0.0,4.0,7,8.22,3,0.75,0,1.541302370998123,2.0640555220100776,0.5964983445122629,4.524288408193547,-0.01088758468921384,0.10893690060822403,0.06848455963844179,4.77649654918772,0.05932978830249504,0.3102436540079281,3.701137032373826,1.4134153665088793
7,60.0,altitude_gain,2.0,-4.0,-8.0,ground_impact,8.56,31.841940197702055,7.590464309703084,7.360286983052678,0.0,0.5217391304347826,0.0,0.0,4.0,8,8.56,3,0.75,0,1.6269968486729276,2.0306488358851467,0.46652449596976725,4.387504469441662,-0.008518393086799459,0.10256678200538764,0.06372026305176655,4.744203806428032,0.06066278485949688,0.2990022401977588,3.930524520257145,1.4696048105776907
7,60.0,altitude_gain,2.0,-4.0,-8.0,ground_impact,8.620000000000001,32.32677503773335,7.295743271097971,7.3450283986437555,0.0,0.5339506172839507,0.0,0.0,4.0,9,8.620000000000001,3,0.75,0,1.7117778840965565,2.0077047324277224,0.495545594477986,4.416130878039891,-0.011303911842984614,0.09514554482873563,0.06338676526046816,4.647285473614353,0.060382690645530375,0.31000871341251496,3.9854069611494864,1.4516963615488432
7,60.0,altitude_gain,2.0,-4.0,-8.0,ground_impact,8.3,34.56831200654283,7.324145730338122,7.321528761895205,0.0,0.5544871794871795,0.0,0.0,4.0,10,8.3,3,0.75,0,2.0279984596054885,1.9902745369790984,0.84293996682101,4.778900068378634,-0.008751862181766101,0.08378302303429325,0.06627358933048151,3.9902737615486155,0.052649665041493834,0.32157783887484226,4.188552246593023,1.4280565011100315
7,60.0,altitude_gain,2.0,-4.0,-8.0,ground_impact,8.22,32.408273616886994,7.48812870735756,7.410180446268973,0.0,0.517799352750809,0.0,0.0,4.0,11,8.22,3,0.75,0,1.5055074458148416,2.071886781338916,0.5446241728759578,4.479420240308656,-0.005736524242338992,0.10918507583013466,0.06592790622121616,4.548088603371248,0.06045684138226205,0.2898650662349152,4.103410585085613,1.4522301712184607
7,60.0,altitude_gain,2.0,-4.0,-8.0,ground_impact,8.22,31.98067775367804,7.881647091905973,7.475428732929091,0.0,0.5145631067961165,0.0,0.0,4.0,12,8.22,3,0.75,0,1.417352356511908,2.086938241384008,0.4495126534650996,4.380542923152861,-0.005349791491544598,0.11671503911908965,0.06527407704739453,4.6863227333968975,0.06815294053044922,0.3030470791558441,3.95091798696667,1.4170355867813895
7,60.0,altitude_gain,2.0,-4.0,-8.0,ground_impact,8.88,32.314902499749124,7.2596976721567135,7.259986749588223,0.0,0.5419161676646707,0.0,0.0,4.0,13,8.88,3,0.75,0,1.985535533881452,1.9606688848878786,0.5177949902977504,4.429006695415168,-0.0016609259249239297,0.08372024045997828,0.06258078308375867,4.731953134052932,0.0507171319312291,0.29305038635192376,3.9447136158850062,1.4656254103938693
7,60.0,altitude_gain,2.0,-4.0,-8.0,ground_impact,8.14,32.76705935107491,8.101885325548707,7.432872310144499,0.0,0.5196078431372549,0.0,0.0,4.0,14,8.14,3,0.75,0,1.460763994446759,2.0846367009521254,0.5629464868336455,4.502880398060997,-0.00949123730805487,0.11188231411049862,0.06492394526159549,4.2685017141274795,0.06515629612812958,0.30190902616838744,3.9624706899223114,1.4287107919669706
7,60.0,altitude_gain,2.0,-4.0,-8.0,ground_impact,8.120000000000001,32.353648347762466,7.187044412084614,7.461177535483882,0.0,0.5147540983606558,0.0,0.0,4.0,15,8.120000000000001,3,0.75,0,1.4509211896023033,2.0916398425909333,0.5455020074506366,4.48325442365575,-0.007105993718455333,0.11429374494673303,0.06680778830559155,4.5652735761584315,0.060716124154179485,0.2821920820822479,4.228529410068424,1.4492631579477007
7,60.0,altitude_gain,2.0,-2.0,-4.0,ground_impact,8.64,32.73611246608486,7.5216855077676135,7.359338823268274,0.0,0.5446153846153846,0.0,0.0,4.0,0,8.64,3,0.75,0,1.8045854948853755,1.9954913038948519,0.5409980016460805,4.462734090434737,-0.0033107634782941,0.10642442893365614,0.065,4.7,0.06,0.3,4.0,1.4288992721907328
7,60.0,altitude_gain,2.0,-2.0,-4.0,ground_impact,8.8,34.138472311210535,7.570820314126404,7.326702723379128,0.0,0.56797583081571,0.0,0.0,4.0,1,8.8,3,0.75,0,2.2960873965547126,1.929326729853321,0.6944007928479498,4.614665276764187,-0.01090130366543309,0.08734399623785977,0.06577673839752203,4.570952355386659,0.0551469765634464,0.33000624819513635,3.9705706040793256,1.4182988268893335
7,60.0,altitude_gain,2.0,-2.0,-4.0,ground_impact,8.4,33.2663343870403,7.316375864547863,7.382749789137672,0.0,0.5379746835443038,0.0,0.0,4.0,2,8.4,3,0.75,0,1.7415294240889063,2.0215608715410225,0.6267823249026403,4.564872046475303,-0.009794847451255924,0.11190542084671318,0.06428724157605824,4.1638551873761624,0.06636539174031647,0.3114338956812706,4.134814580815061,1.44120695245206
7,60.0,altitude_gain,2.0,-2.0,-4.0,ground_impact,8.88,33.030262299645464,6.825769353650394,7.27416112132994,0.0,0.5598802395209581,0.0,0.0,4.0,3,8.88,3,0.75,0,2.163802302359394,1.9564242602948183,0.6043504560905603,4.528998712290003,-0.011556739039379454,0.10062598340984408,0.06268446121923109,4.336350357380637,0.05515479194800862,0.2820106664684216,4.17178330111812,1.4246835883790174
7,60.0,altitude_gain,2.0,-2.0,-4.0,ground_impact,8.42,33.309180689905,8.586246356957018,7.335129277895126,0.0,0.5411392405063291,0.0,0.0,4.0,4,8.42,3,0.75,0,1.7362834993680192,2.0194634257440818,0.6254901152109485,4.559102172242519,-0.002068069093401865,0.10364441056709438,0.06381785595855352,4.180630719342732,0.059804869770326875,0.30111774343157194,3.8014708311273617,1.422012753510219
7,60.0,altitude_gain,2.0,-2.0,-4.0,ground_impact,8.82,32.437128385004485,7.62797026215698,7.369532237544101,0.0,0.5468277945619335,0.0,0.0,4.0,5,8.82,3,0.75,0,1.8005156998054432,1.9827063089411014,0.46514141746474164,4.380192731046631,-0.008104072487302574,0.1077490167295775,0.0624217189570092,4.63370430103694,0.06530633920429904,0.3086503437550528,3.8808036451019428,1.390010992718187
7,60.0,altitude_gain,2.0,-2.0,-4.0,ground_impact,8.56,33.48118875840825,7.425822436578588,7.345867817544938,0.0,0.5527950310559007,0.0,0.0,4.0,6,8.56,3,0.75,0,1.9577822036294799,1.9923210735420998,0.6669172517913943,4.596569849134289,-0.011205631210776869,0.10162522725180434,0.06515637336675334,4.342580092232875,0.056498397403540186,0.2971682681197388,4.097035513386014,1.428497097086861
7,60.0,altitude_gain,2.0,-2.0,-4.0,ground_impact,8.3,33.397222941947014,9.179913491829046,7.4594648782667825,0.0,0.5384615384615384,0.0,0.0,4.0,7,8.3,3,0.75,0,1.6123060412422496,2.0472579117798912,0.6099234712523037,4.536729845830114,-0.010098876549190384,0.11039673162582193,0.06848455963844179,4.77649654918772,0.05932978830249504,0.3102436540079281,3.701137032373826,1.4134153665088793
7,60.0,altitude_gain,2.0,-2.0,-4.0,ground_impact,8.78,32.25473496574374,7.575334323810542,7.329653699905565,0.0,0.5393939393939394,0.0,0.0,4.0,8,8.78,3,0.75,0,1.894427101371167,1.9920838481804122,0.5058550943865376,4.424847366096629,-0.011764249061764012,0.10692115563212706,0.06372026305176655,4.744203806428032,0.06066278485949688,0.2990022401977588,3.930524520257145,1.4696048105776907
7,60.0,altitude_gain,2.0,-2.0,-4.0,ground_impact,8.88,32.82743161873558,7.281872245663876,7.302685401496793,0.0,0.5508982035928144,0.0,0.0,4.0,9,8.88,3,0.75,0,2.056120863019528,1.9509455818039767,0.5406037573167509,4.459383542236493,-0.0024736423076659707,0.10042785562949781,0.06338676526046816,4.647285473614353,0.060382690645530375,0.31000871341251496,3.9854069611494864,1.4516963615488432
7,60.0,altitude_gain,2.0,-2.0,-4.0,ground_impact,8.540000000000001,34.91240185398325,7.310692286372493,7.295091423314476,0.0,0.5700934579439252,0.0,0.0,4.0,10,8.540000000000001,3,0.75,0,2.3811640832547383,1.9421984429303643,0.8896473784399815,4.823368068920332,-0.0067940718693600705,0.08894652411906198,0.06627358933048151,3.9902737615486155,0.052649665041493834,0.32157783887484226,4.188552246593023,1.4280565011100315
7,60.0,altitude_gain,2.0,-2.0,-4.0,ground_impact,8.4,32.734185865171696,7.472898778104574,7.395836706016957,0.0,0.5316455696202531,0.0,0.0,4.0,11,8.4,3,0.75,0,1.6715746020415285,2.032273297051957,0.5788947421566206,4.511025119065837,-8.806480328802345e-05,0.11377806832437835,0.06592790622121616,4.548088603371248,0.06045684138226205,0.2898650662349152,4.103410585085613,1.4522301712184607
7,60.0,altitude_gain,2.0,-2.0,-4.0,ground_impact,8.38,32.267296133745,7.864459316846653,7.453229830314836,0.0,0.526984126984127,0.0,0.0,4.0,12,8.38,3,0.75,0,1.5147492929513968,2.0573206265566033,0.47904170157447984,4.407502735411454,-0.007496827859629369,0.12014941075201896,0.06527407704739453,4.6863227333968975,0.06815294053044922,0.3030470791558441,3.95091798696667,1.4170355867813895
7,60.0,altitude_gain,2.0,-2.0,-4.0,ground_impact,9.200000000000001,32.84548373684677,7.246262878913999,7.215643461664858,0.0,0.5520231213872833,0.0,0.0,4.0,13,9.200000000000001,3,0.75,0,2.4190550598491583,1.9080985253223726,0.5677064786076758,4.477969541342809,-0.004090421572312493,0.08928522311794912,0.06258078308375867,4.731953134052932,0.0507171319312291,0.29305038635192376,3.9447136158850062,1.4656254103938693
7,60.0,altitude_gain,2.0,-2.0,-4.0,ground_impact,8.26,32.985825595705705,8.085269830394056,7.425111656421578,0.0,0.5290322580645161,0.0,0.0,4.0,14,8.26,3,0.75,0,1.5575191547721077,2.0556005957875363,0.5882579247912669,4.525947825787079,-0.004670171215497261,0.1148458002115086,0.06492394526159549,4.2685017141274795,0.06515629612812958,0.30190902616838744,3.9624706899223114,1.4287107919669706
7,60.0,altitude_gain,2.0,-2.0,-4.0,ground_impact,8.32,32.68998438572252,7.17381215494159,7.4447817763721575,0.0,0.5303514376996805,0.0,0.0,4.0,15,8.32,3,0.75,0,1.6056097257852064,2.050838562080288,0.5842437148715868,4.518581897438168,-0.004767331394711355,0.11979254137356887,0.06680778830559155,4.5652735761584315,0.060716124154179485,0.2821920820822479,4.228529410068424,1.4492631579477007
7,60.0,altitude_gain,2.0,-1.0,-2.0,ground_impact,9.3,33.40316829142144,7.5134762709182255,7.2936815752550155,0.0,0.5358166189111748,0.0,0.0,4.0,0,9.3,3,0.75,0,2.651494434450525,1.8943884764717869,0.6435140807387726,4.562625492560506,-0.010853703761141304,0.12099295156041662,0.065,4.7,0.06,0.3,4.0,1.4288992721907328
7,60.0,altitude_gain,2.0,-1.0,-2.0,ground_impact,10.24,34.758588335837466,7.5626434612950035,7.179668218870975,0.0,0.4701298701298701,0.0,0.0,4.0,1,10.24,3,0.75,0,3.210666652724787,1.9953474310988863,0.7958274112591824,4.7256410631385215,-0.0001238421326479847,0.09952920309722141,0.06577673839752203,4.570952355386659,0.0551469765634464,0.33000624819513635,3.9705706040793256,1.4182988268893335
7,60.0,altitude_gain,2.0,-1.0,-2.0,ground_impact,9.0,33.892057708084174,7.308161575830079,7.3073499998438,0.0,0.5473372781065089,0.0,0.0,4.0,2,9.0,3,0.75,0,2.5506483060033704,1.9124507075228896,0.7303637844048747,4.663827635180232,-0.009328770248153456,0.12680390368574965,0.06428724157605824,4.1638551873761624,0.06636539174031647,0.3114338956812706,4.134814580815061,1.44120695245206
7,60.0,altitude_gain,2.0,-1.0,-2.0,ground_impact,9.66,33.59733993889704,6.819790664995731,7.195965613599751,0.0,0.5289256198347108,0.0,0.0,4.0,3,9.66,3,0.75,0,2.9859829129697846,1.885828208722437,0.7024400318278519,4.628417218114287,-0.0013858746645492364,0.11548704646983228,0.06268446121923109,4.336350357380637,0.05515479194800862,0.2820106664684216,4.17178330111812,1.4246835883790174
7,60.0,altitude_gain,2.0,-1.0,-2.0,ground_impact,9.040000000000001,33.98786619852838,8.57395175920828,7.269749123184498,0.0,0.5470588235294118,0.0,0.0,4.0,4,9.040000000000001,3,0.75,0,2.566130500190713,1.9156337389871565,0.7327391081041045,4.661444399479597,-0.010459859792981405,0.11806900197918231,0.06381785595855352,4.180630719342732,0.059804869770326875,0.30111774343157194,3.8014708311273617,1.422012753510219
7,60.0,altitude_gain,2.0,-1.0,-2.0,ground_impact,9.540000000000001,33.199476906697264,7.619097285732232,7.242971356422554,0.0,0.5307262569832403,0.0,0.0,4.0,5,9.540000000000001,3,0.75,0,2.6872419394418765,1.8697345335619997,0.5667588727288364,4.481899413263767,-0.005517177838874714,0.12188604330968406,0.0624217189570092,4.63370430103694,0.06530633920429904,0.3086503437550528,3.8808036451019428,1.390010992718187
7,60.0,altitude_gain,2.0,-1.0,-2.0,ground_impact,9.200000000000001,34.07362121284503,7.417515309623516,7.270910026961973,0.0,0.5260115606936416,0.0,0.0,4.0,6,9.200000000000001,3,0.75,0,2.784956722423173,1.89273973021835,0.774621130125608,4.700742747547576,-0.00910545422837619,0.1169335582996588,0.06515637336675334,4.342580092232875,0.056498397403540186,0.2971682681197388,4.097035513386014,1.428497097086861
7,60.0,altitude_gain,2.0,-1.0,-2.0,ground_impact,8.8,34.00681731075807,9.166710353398742,7.399453034783549,0.0,0.5740181268882175,0.0,0.0,4.0,7,8.8,3,0.75,0,2.2828428095299778,1.9519782597084279,0.7091520879001082,4.630114820943912,-0.007744116368091622,0.12330999226979764,0.06848455963844179,4.77649654918772,0.05932978830249504,0.3102436540079281,3.701137032373826,1.4134153665088793
7,60.0,altitude_gain,2.0,-1.0,-2.0,ground_impact,9.44,32.95864861492967,7.566987344888632,7.210830975691202,0.0,0.5267605633802817,0.0,0.0,4.0,8,9.44,3,0.75,0,2.7219814732883285,1.8825518792294764,0.6004127260739396,4.518520736939287,-0.0037304294785347105,0.12061296963227056,0.06372026305176655,4.744203806428032,0.06066278485949688,0.2990022401977588,3.930524520257145,1.4696048105776907
7,60.0,altitude_gain,2.0,-1.0,-2.0,ground_impact,9.66,33.49176361809711,7.274027920745324,7.201831188066306,0.0,0.5289256198347108,0.0,0.0,4.0,9,9.66,3,0.75,0,2.9424658468455074,1.8641927870818893,0.6444518508880224,4.564686802185038,-0.0002553784113367291,0.11411423638806784,0.06338676526046816,4.647285473614353,0.060382690645530375,0.31000871341251496,3.9854069611494864,1.4516963615488432
7,60.0,altitude_gain,2.0,-1.0,-2.0,ground_impact,9.74,35.429935070844394,7.3028978040314545,7.179200081603867,0.0,0.48360655737704916,0.0,0.0,4.0,10,9.74,3,0.75,0,3.287353405690792,1.987263620280003,0.9967848907541096,4.93752065010963,-0.0010485016489850587,0.10143036683290205,0.06627358933048151,3.9902737615486155,0.052649665041493834,0.32157783887484226,4.188552246593023,1.4280565011100315
7,60.0,altitude_gain,2.0,-1.0,-2.0,ground_impact,8.98,33.347156915579454,7.463743581213121,7.3376068283415625,0.0,0.5519287833827893,0.0,0.0,4.0,11,8.98,3,0.75,0,2.438599123649314,1.9358407644310154,0.6805854804070965,4.6076098283023,-0.006723732738026162,0.12905466403973503,0.06592790622121616,4.548088603371248,0.06045684138226205,0.2898650662349152,4.103410585085613,1.4522301712184607
7,60.0,altitude_gain,2.0,-1.0,-2.0,ground_impact,8.96,32.99570327238845,7.853838416064622,7.384688769385511,0.0,0.5637982195845698,0.0,0.0,4.0,12,8.96,3,0.75,0,2.2034158943794684,1.9481436724273842,0.5758909937951902,4.499694981552687,-0.0015198650758937692,0.13463316309337,0.06527407704739453,4.6863227333968975,0.06815294053044922,0.3030470791558441,3.95091798696667,1.4170355867813895
7,60.0,altitude_gain,2.0,-1.0,-2.0,ground_impact,11.14,33.47614804679792,7.238737494693224,7.960955878025962,0.0,0.45215311004784686,0.0,0.0,4.0,13,11.14,3,0.75,0,3.155090542215482,2.010831846684018,0.6176063330629116,4.518810259805422,-0.006893680978276192,0.09836571257426786,0.06258078308375867,4.731953134052932,0.0507171319312291,0.29305038635192376,3.9447136158850062,1.4656254103938693
7,60.0,altitude_gain,2.0,-1.0,-2.0,ground_impact,8.82,33.653012888755946,8.074899347439805,7.360241340412979,0.0,0.56797583081571,0.0,0.0,4.0,14,8.82,3,0.75,0,2.2725759562382386,1.9477172652869845,0.6908026776350933,4.622494474556839,-0.00030820976128546375,0.12973601168954332,0.06492394526159549,4.2685017141274795,0.06515629612812958,0.30190902616838744,3.9624706899223114,1.4287107919669706
7,60.0,altitude_gain,2.0,-1.0,-2.0,ground_impact,8.86,33.26692737160716,7.166107036649658,7.390093741772481,0.0,0.5645645645645646,0.0,0.0,4.0,15,8.86,3,0.75,0,2.3111254993825385,1.956502848340998,0.6833431664578992,4.611868735993426,-0.006408511245457001,0.1356581245004725,0.06680778830559155,4.5652735761584315,0.060716124154179485,0.2821920820822479,4.228529410068424,1.4492631579477007
7,60.0,altitude_gain,2.0,-0.5,-1.0,ground_impact,12.48,33.856463073594334,7.509357861436768,8.578258823366259,0.0,0.3837953091684435,0.0,0.0,4.0,0,12.48,3,0.75,0,2.7683849558333753,1.854089832199154,0.7052223350198277,4.54526916641449,-0.00014323572545338163,0.1639813215145984,0.065,4.7,0.06,0.3,4.0,1.4288992721907328
7,60.0,altitude_gain,2.0,-0.5,-1.0,ground_impact,14.6,35.50310471666251,7.558542672975661,7.854124590242215,0.0,0.49635036496350365,0.0,0.0,4.0,1,14.6,4,1.0,0,2.7969456079978365,1.532521222001515,0.8278976474463506,4.6449864395744545,-0.0067812473940259965,0.1629399385666391,0.06577673839752203,4.570952355386659,0.0551469765634464,0.33000624819513635,3.9705706040793256,1.4182988268893335
7,60.0,altitude_gain,2.0,-0.5,-1.0,ground_impact,12.06,34.307529922324804,7.3040408406005515,8.57080358913414,0.0,0.39293598233995586,0.0,0.0,4.0,2,12.06,3,0.75,0,2.859051709406745,1.908763468153109,0.7883101551255987,4.655536249564565,-0.010790241168094605,0.16655387946975544,0.06428724157605824,4.1638551873761624,0.06636539174031647,0.3114338956812706,4.134814580815061,1.44120695245206
7,60.0,altitude_gain,2.0,-0.5,-1.0,ground_impact,13.42,33.989210870356345,6.816800217278612,8.395215880309648,0.0,0.3888888888888889,0.0,0.0,4.0,3,13.42,4,1.0,0,2.6274478793727014,1.7684523851096288,0.7122694373105869,4.548284300004911,-0.004276690562780419,0.16502464155032287,0.06268446121923109,4.336350357380637,0.05515479194800862,0.2820106664684216,4.17178330111812,1.4246835883790174
7,60.0,altitude_gain,2.0,-0.5,-1.0,ground_impact,12.16,34.443929931375365,8.567642818752363,8.471965650154974,0.0,0.387308533916849,0.0,0.0,4.0,4,12.16,3,0.75,0,2.8307064478259494,1.8928733651517058,0.7855735308275094,4.647763416492486,-0.00740208578791861,0.15705709741758364,0.06381785595855352,4.180630719342732,0.059804869770326875,0.30111774343157194,3.8014708311273617,1.422012753510219
7,60.0,altitude_gain,2.0,-0.5,-1.0,ground_impact,13.06,33.69636170875831,7.614645392023571,8.520411921442326,0.0,0.37142857142857144,0.0,0.0,4.0,5,13.06,3,0.75,0,2.669930963560179,1.7972832713443598,0.6336353527959836,4.462343206354608,-0.0039642520586493125,0.1677757684104139,0.0624217189570092,4.63370430103694,0.06530633920429904,0.3086503437550528,3.8808036451019428,1.390010992718187
7,60.0,altitude_gain,2.0,-0.5,-1.0,ground_impact,12.58,34.480182547750964,7.41334506198934,8.446226036041894,0.0,0.3728813559322034,0.0,0.0,4.0,6,12.58,3,0.75,0,2.738343079449529,1.8295477140033594,0.7994748179050364,4.651806827619138,-0.001689616464417282,0.1604639524397409,0.06515637336675334,4.342580092232875,0.056498397403540186,0.2971682681197388,4.097035513386014,1.428497097086861
7,60.0,altitude_gain,2.0,-0.5,-1.0,ground_impact,11.58,34.489387610150416,9.159831634292741,8.635328869146942,0.0,0.4091954022988506,0.0,0.0,4.0,7,11.58,3,0.75,0,2.9476118556509103,2.0355656638223802,0.7976817649069806,4.663108912194178,-0.007554826807917045,0.1542445561384644,0.06848455963844179,4.77649654918772,0.05932978830249504,0.3102436540079281,3.701137032373826,1.4134153665088793
7,60.0,altitude_gain,2.0,-0.5,-1.0,ground_impact,12.86,33.437379137329046,7.562800666601563,8.55464287377795,0.0,0.37888198757763975,0.0,0.0,4.0,8,12.86,3,0.75,0,2.7409610088624157,1.8211897057553148,0.6632056413573436,4.492997249496378,-0.005971042584866863,0.1661290381136469,0.06372026305176655,4.744203806428032,0.06066278485949688,0.2990022401977588,3.930524520257145,1.4696048105776907
7,60.0,altitude_gain,2.0,-0.5,-1.0,ground_impact,13.84,33.946398549194036,7.270099880439582,8.353141798407181,0.0,0.4096153846153846,0.0,0.0,4.0,9,13.84,4,1.0,0,2.5978239359906397,1.7314026755815783,0.6852871339387473,4.500234895168928,-0.003392493962442856,0.16583601846709387,0.06338676526046816,4.647285473614353,0.060382690645530375,0.31000871341251496,3.9854069611494864,1.4516963615488432
7,60.0,altitude_gain,2.0,-0.5,-1.0,ground_impact,13.94,36.205327202802785,7.29898852415063,7.874052238474868,0.0,0.4894837476099426,0.0,0.0,4.0,10,13.94,4,1.0,0,2.7699009586270704,1.5790766538574925,0.9728070642927872,4.8298783995478045,-0.012021178786120988,0.16084404079954914,0.06627358933048151,3.9902737615486155,0.052649665041493834,0.32157783887484226,4.188552246593023,1.4280565011100315
7,60.0,altitude_gain,2.0,-0.5,-1.0,ground_impact,11.76,33.76327052260219,7.459132116595287,8.6193185397023,0.0,0.4072398190045249,0.0,0.0,4.0,11,11.76,3,0.75,0,2.936722150876765,1.9960323247216367,0.7505857290663226,4.617447593334607,-0.0015642167068237872,0.16418355678888452,0.06592790622121616,4.548088603371248,0.06045684138226205,0.2898650662349152,4.103410585085613,1.4522301712184607
7,60.0,altitude_gain,2.0,-0.5,-1.0,ground_impact,11.58,33.479280684278606,7.848461169829835,8.662890443968553,0.0,0.4206896551724138,0.0,0.0,4.0,12,11.58,3,0.75,0,2.983365731295196,2.04316644941614,0.6755836933423989,4.552131049726185,-5.689932726047481e-05,0.16722027179815793,0.06527407704739453,4.6863227333968975,0.06815294053044922,0.3030470791558441,3.95091798696667,1.4170355867813895
7,60.0,altitude_gain,2.0,-0.5,-1.0,ground_impact,15.120000000000001,34.53792089954684,7.234970316605503,7.904434694487265,0.0,0.49471830985915494,0.0,0.0,4.0,13,15.120000000000001,4,1.0,0,2.7449264810910834,1.5308046301387983,0.6904820244880572,4.485493821356075,-0.0023870634308104655,0.16799264199769476,0.06258078308375867,4.731953134052932,0.0507171319312291,0.29305038635192376,3.9447136158850062,1.4656254103938693
7,60.0,altitude_gain,2.0,-0.5,-1.0,ground_impact,11.540000000000001,34.10254671178901,8.069640100479347,8.626499710413023,0.0,0.4110854503464203,0.0,0.0,4.0,14,11.540000000000001,3,0.75,0,2.9494008956569244,2.035521041030298,0.7726878392338327,4.652729090936235,-0.009286121655005444,0.1622887581832223,0.06492394526159549,4.2685017141274795,0.06515629612812958,0.30190902616838744,3.9624706899223114,1.4287107919669706
7,60.0,altitude_gain,2.0,-0.5,-1.0,ground_impact,11.46,33.647917832196796,7.162241145007548,8.621708417289216,0.0,0.4186046511627907,0.0,0.0,4.0,15,11.46,3,0.75,0,2.9982924614759443,2.0716441309170617,0.7664144057088861,4.648008063755348,-0.006306693217373939,0.16818489827679595,0.06680778830559155,4.5652735761584315,0.060716124154179485,0.2821920820822479,4.228529410068424,1.4492631579477007
7,60.0,altitude_gain,2.0,-0.25,-0.5,ground_impact,16.02,35.235757832092624,7.507298271820029,7.401338085726404,0.0,0.5574043261231281,0.0,0.0,4.0,0,16.02,5,1.25,0,3.176549002292784,1.4736696731635568,0.759229082163297,4.6098143996938665,-0.00884728476543613,0.22201558434743987,0.065,4.7,0.06,0.3,4.0,1.4288992721907328
7,60.0,altitude_gain,2.0,-0.25,-0.5,ground_impact,22.32,36.82143132319021,7.556491887444488,8.05448426065201,0.0,0.4728950403690888,0.0,0.0,4.0,1,22.32,6,1.5,0,2.981060238595035,1.4266422531002878,0.8935846649808465,4.718913502680819,-0.005703581821528428,0.21626887097744252,0.06577673839752203,4.570952355386659,0.0551469765634464,0.33000624819513635,3.9705706040793256,1.4182988268893335
7,60.0,altitude_gain,2.0,-0.25,-0.5,ground_impact,15.46,35.68362457048725,7.301980098071228,7.3867746832973795,0.0,0.5431034482758621,0.0,0.0,4.0,2,15.46,5,1.25,0,3.309967044372687,1.5138052579735801,0.8327560530717574,4.703499668184861,-0.003440850011942588,0.22341219443399668,0.06428724157605824,4.1638551873761624,0.06636539174031647,0.3114338956812706,4.134814580815061,1.44120695245206
7,60.0,altitude_gain,2.0,-0.25,-0.5,ground_impact,16.580000000000002,35.529733118357576,6.815304783112374,7.3188062734823065,0.0,0.5868167202572347,0.0,0.0,4.0,3,16.580000000000002,5,1.25,0,3.159785567685088,1.4045055831686468,0.790756169098661,4.656483148308048,-0.001798436697774762,0.2228226057574152,0.06268446121923109,4.336350357380637,0.05515479194800862,0.2820106664684216,4.17178330111812,1.4246835883790174
7,60.0,altitude_gain,2.0,-0.25,-0.5,ground_impact,15.860000000000001,35.83587538482789,8.56495640449394,7.3394604005426345,0.0,0.5647058823529412,0.0,0.0,4.0,4,15.860000000000001,5,1.25,0,3.2115741398811046,1.4563738725517197,0.8412628457869383,4.709990530536347,-0.009391432857146477,0.2181824196803597,0.06381785595855352,4.180630719342732,0.059804869770326875,0.30111774343157194,3.8014708311273617,1.422012753510219
7,60.0,altitude_gain,2.0,-0.25,-0.5,ground_impact,16.740000000000002,35.030823345901375,7.612418997653199,7.2925986064385455,0.0,0.5828025477707006,0.0,0.0,4.0,5,16.740000000000002,5,1.25,0,3.116449721748317,1.4056736437659079,0.7093309722173221,4.5601540430936485,-0.00649779648857139,0.22381088424170073,0.0624217189570092,4.63370430103694,0.06530633920429904,0.3086503437550528,3.8808036451019428,1.390010992718187
7,60.0,altitude_gain,2.0,-0.25,-0.5,ground_impact,15.96,35.93217318071393,7.411259557497169,7.335379021269589,0.0,0.5726210350584308,0.0,0.0,4.0,6,15.96,5,1.25,0,3.193148704742018,1.43419474447297,0.8607714566478151,4.728767999082518,-0.0004883973245420527,0.21967941361109136,0.06515637336675334,4.342580092232875,0.056498397403540186,0.2971682681197388,4.097035513386014,1.428497097086861
7,60.0,altitude_gain,2.0,-0.25,-0.5,ground_impact,15.16,35.543075528603076,9.156391309729859,7.480501372396192,0.0,0.5289982425307557,0.0,0.0,4.0,7,15.16,4,1.0,0,3.2049536360328585,1.5745307013549157,0.8355151559407938,4.687239616769651,-0.008689859405759117,0.2196988027402868,0.06848455963844179,4.77649654918772,0.05932978830249504,0.3102436540079281,3.701137032373826,1.4134153665088793
7,60.0,altitude_gain,2.0,-0.25,-0.5,ground_impact,16.48,35.10347492808607,7.560706927077766,7.344857419706254,0.0,0.5702746365105008,0.0,0.0,4.0,8,16.48,5,1.25,0,3.1532138986984934,1.4328056982222315,0.7255213162345918,4.571983523130178,-0.0016425849945310989,0.223316785659602,0.06372026305176655,4.744203806428032,0.06066278485949688,0.2990022401977588,3.930524520257145,1.4696048105776907
7,60.0,altitude_gain,2.0,-0.25,-0.5,ground_impact,17.5,35.61561191466652,7.26813550757176,7.198720366779534,0.0,0.5844748858447488,0.0,0.0,4.0,9,17.5,5,1.25,0,3.2433917274675435,1.3770269886949402,0.8056243019722391,4.668101150881519,-0.005341113523832292,0.226901306568687,0.06338676526046816,4.647285473614353,0.060382690645530375,0.31000871341251496,3.9854069611494864,1.4516963615488432
7,60.0,altitude_gain,2.0,-0.25,-0.5,ground_impact,20.56,37.331295073026624,7.297033543125858,8.160070729267078,0.0,0.46469833119383824,0.0,0.0,4.0,10,20.56,6,1.5,0,2.922778573298886,1.5014431237036558,1.0474741778468855,4.910152741892664,-0.005589185812796008,0.2133751981545217,0.06627358933048151,3.9902737615486155,0.052649665041493834,0.32157783887484226,4.188552246593023,1.4280565011100315
7,60.0,altitude_gain,2.0,-0.25,-0.5,ground_impact,15.1,35.10255545324714,7.45682593849102,7.553774270412051,0.0,0.5114638447971781,0.0,0.0,4.0,11,15.1,4,1.0,0,2.983530293639083,1.6293136784537943,0.7786096574165997,4.633260824995744,-0.0032227703161709764,0.22547945100088201,0.06592790622121616,4.548088603371248,0.06045684138226205,0.2898650662349152,4.103410585085613,1.4522301712184607
7,60.0,altitude_gain,2.0,-0.25,-0.5,ground_impact,15.06,34.56768614400022,7.845771945917304,7.581143437415384,0.0,0.5008849557522124,0.0,0.0,4.0,12,15.06,4,1.0,0,2.804646724703388,1.6709512309368633,0.7121018681798381,4.558056299939823,-0.007893396873954754,0.2281091599837455,0.06527407704739453,4.6863227333968975,0.06815294053044922,0.3030470791558441,3.95091798696667,1.4170355867813895
7,60.0,altitude_gain,2.0,-0.25,-0.5,ground_impact,22.32,35.920192234033834,7.233086402301496,8.183974058350088,0.0,0.4429065743944637,0.0,0.0,4.0,13,22.32,6,1.5,0,2.945957676280541,1.4853268390176309,0.7531532303186453,4.5617857643797475,-0.0022908489570171546,0.21899502231537965,0.06258078308375867,4.731953134052932,0.0507171319312291,0.29305038635192376,3.9447136158850062,1.4656254103938693
7,60.0,altitude_gain,2.0,-0.25,-0.5,ground_impact,14.98,35.287966832230985,8.06700989044063,7.524470227044936,0.0,0.5106761565836299,0.0,0.0,4.0,14,14.98,4,1.0,0,2.9794479386620623,1.6296108044505366,0.8016274472147163,4.665601413170813,-0.0017285420230964584,0.2235453937020453,0.06492394526159549,4.2685017141274795,0.06515629612812958,0.30190902616838744,3.9624706899223114,1.4287107919669706
7,60.0,altitude_gain,2.0,-0.25,-0.5,ground_impact,14.6,34.88563902878189,7.1603078744744355,7.662836278336029,0.0,0.4854014598540146,0.0,0.0,4.0,15,14.6,4,1.0,0,2.719837738487211,1.7440319680450376,0.7827264485560816,4.63869977514341,-0.00013661989752316792,0.22952634640443104,0.06680778830559155,4.5652735761584315,0.060716124154179485,0.2821920820822479,4.228529410068424,1.4492631579477007
7,60.0,altitude_gain,2.0,0.0,0.0,ground_impact,50.7,36.27828982394135,7.505238425694034,7.490117975135948,0.0,0.5021872265966754,0.0,0.0,4.0,0,50.7,13,3.25,0,3.0121846350450387,1.6022698979804382,0.8830720717877131,4.734905450063766,-0.0009184720598922214,0.312518005674947,0.065,4.7,0.06,0.3,4.0,1.4288992721907328
7,60.0,altitude_gain,2.0,0.0,0.0,ground_impact,58.2,37.03638347980391,7.554440841077912,7.658642352217399,0.0,0.4915445321307779,0.0,0.0,4.0,1,58.2,15,3.75,0,2.9735841342511358,1.5157810758859904,0.9484723142042416,4.79855686842079,-0.0017757563737501704,0.2764353652450802,0.06577673839752203,4.570952355386659,0.0551469765634464,0.33000624819513635,3.9705706040793256,1.4182988268893335
7,60.0,altitude_gain,2.0,0.0,0.0,ground_impact,49.480000000000004,36.72390907621606,7.2999191056775885,7.390210905214024,0.0,0.4997752808988764,0.0,0.0,4.0,2,49.480000000000004,13,3.25,0,3.088719285749323,1.657168107222166,0.9562294594439257,4.831140873482422,-0.005218055902110961,0.3131469917427434,0.06428724157605824,4.1638551873761624,0.06636539174031647,0.3114338956812706,4.134814580815061,1.44120695245206
7,60.0,altitude_gain,2.0,0.0,0.0,ground_impact,50.94,36.323117969040695,6.813809208773722,7.53029616137699,0.0,0.5030461270670148,0.0,0.0,4.0,3,50.94,13,3.25,0,3.007713151000851,1.5817451926145207,0.8791789684953818,4.735635975378351,-0.0017896297390838463,0.30652341861227655,0.06268446121923109,4.336350357380637,0.05515479194800862,0.2820106664684216,4.17178330111812,1.4246835883790174
7,60.0,altitude_gain,2.0,0.0,0.0,ground_impact,50.36,36.7913082179707,8.562269565757475,7.452349930544923,0.0,0.5081533715293081,0.0,0.0,4.0,4,50.36,13,3.25,0,3.068180542662146,1.5448855380253692,0.9563984680279598,4.825089227859721,-0.0023841061562502037,0.30551194495625966,0.06381785595855352,4.180630719342732,0.059804869770326875,0.30111774343157194,3.8014708311273617,1.422012753510219
7,60.0,altitude_gain,2.0,0.0,0.0,ground_impact,59.08,35.9346781730689,7.61019230504108,7.5236425930079625,0.0,0.4787430683918669,0.0,0.0,4.0,5,59.08,15,3.75,0,2.8841174797967577,1.6884198077354173,0.7910898223285382,4.633481533205794,-0.0019864053511500813,0.3039218158303059,0.0624217189570092,4.63370430103694,0.06530633920429904,0.3086503437550528,3.8808036451019428,1.390010992718187
7,60.0,altitude_gain,2.0,0.0,0.0,ground_impact,49.92,36.78932183166334,7.409173799296105,7.487258779685503,0.0,0.5051179350244771,0.0,0.0,4.0,6,49.92,13,3.25,0,3.070290615981001,1.5829370059402543,0.9653691313226925,4.830602968771846,-0.0014991236739390588,0.3067836027740633,0.06515637336675334,4.342580092232875,0.056498397403540186,0.2971682681197388,4.097035513386014,1.428497097086861
7,60.0,altitude_gain,2.0,0.0,0.0,ground_impact,49.6,36.811406411203244,9.15295034207727,7.447961390615087,0.0,0.5056028686687584,0.0,0.0,4.0,7,49.6,13,3.25,0,3.084518381279123,1.5980988361126853,0.9880703653848675,4.84860256817287,-7.138510551369e-05,0.31833649524724306,0.06848455963844179,4.77649654918772,0.05932978830249504,0.3102436540079281,3.701137032373826,1.4134153665088793
7,60.0,altitude_gain,2.0,0.0,0.0,ground_impact,58.74,36.07849961603677,7.558612920714721,7.551732238210005,0.0,0.47619047619047616,0.0,0.0,4.0,8,58.74,15,3.75,0,2.9080315435959307,1.7327176998978824,0.8164258952148938,4.656425673728049,-0.0016601990806207638,0.3088949976904083,0.06372026305176655,4.744203806428032,0.06066278485949688,0.2990022401977588,3.930524520257145,1.4696048105776907
7,60.0,altitude_gain,2.0,0.0,0.0,ground_impact,58.9,36.2710794683948,7.266170899633993,7.581760861603749,0.0,0.4814540059347181,0.0,0.0,4.0,9,58.9,15,3.75,0,2.9070517504069358,1.6446110343998943,0.8311432301397282,4.673299093028064,-0.004796691941296336,0.2956505045667529,0.06338676526046816,4.647285473614353,0.060382690645530375,0.31000871341251496,3.9854069611494864,1.4516963615488432
7,60.0,altitude_gain,2.0,0.0,0.0,ground_impact,55.76,37.625905820869356,7.295078334776155,7.6166203575495866,0.0,0.4931075226467113,0.0,0.0,4.0,10,55.76,15,3.75,0,3.0259109237591284,1.564833030646118,1.0934320901048846,4.968448833407905,-0.0018996103630677958,0.2790084004409576,0.06627358933048151,3.9902737615486155,0.052649665041493834,0.32157783887484226,4.188552246593023,1.4280565011100315
7,60.0,altitude_gain,2.0,0.0,0.0,ground_impact,49.34,36.46691727678597,7.45451946328453,7.453804296087628,0.0,0.49368800721370604,0.0,0.0,4.0,11,49.34,12,3.0,0,3.052467598709256,1.7514025747513629,0.9267438665463995,4.789549635953694,-0.0025911621176540212,0.3282787636249138,0.06592790622121616,4.548088603371248,0.06045684138226205,0.2898650662349152,4.103410585085613,1.4522301712184607
7,60.0,altitude_gain,2.0,0.0,0.0,ground_impact,49.800000000000004,36.149243136620534,7.843188227700427,7.405428591313635,0.0,0.4921909861668898,0.0,0.0,4.0,12,49.800000000000004,12,3.0,0,3.0358520418632744,1.7477516100781452,0.8705113297495772,4.729078023603605,-0.0002136935215420249,0.3302913170874565,0.06527407704739453,4.6863227333968975,0.06815294053044922,0.3030470791558441,3.95091798696667,1.4170355867813895
7,60.0,altitude_gain,2.0,0.0,0.0,none,,36.25578050009952,7.231202271220482,7.70467362199405,0.0,0.4870956015994184,0.0,0.0,4.0,13,60.0,15,3.75,1,2.878689724902532,1.4749691265724956,0.8100750209877672,4.638947655519581,0.1443777756931764,0.28611856222214094,0.06258078308375867,4.731953134052932,0.0507171319312291,0.29305038635192376,3.9447136158850062,1.4656254103938693
7,60.0,altitude_gain,2.0,0.0,0.0,ground_impact,49.28,36.61198650657008,8.064379289498191,7.395147950828987,0.0,0.4961625282167043,0.0,0.0,4.0,14,49.28,13,3.25,0,3.093639916379967,1.7071258352986756,0.9505978916137026,4.823577512329861,-0.0035463064004043997,0.3229195212768734,0.06492394526159549,4.2685017141274795,0.06515629612812958,0.30190902616838744,3.9624706899223114,1.4287107919669706
7,60.0,altitude_gain,2.0,0.0,0.0,ground_impact,41.78,36.55789007122765,7.158374387523515,7.437973677837927,0.0,0.508695652173913,0.0,0.0,4.0,15,41.78,11,2.75,0,2.9895825549294712,1.6784701437146532,0.9665227404880298,4.834210042643453,-0.0012391777484002582,0.3424928635413861,0.06680778830559155,4.5652735761584315,0.060716124154179485,0.2821920820822479,4.228529410068424,1.4492631579477007
7,60.0,altitude_gain,2.0,0.25,0.5,none,,36.895418993314905,7.503178323114821,7.286195658908711,0.0,0.4925481643038895,0.0,0.0,4.0,0,60.0,15,3.75,1,2.9987299696941774,0.4222069179189743,0.946615129228574,4.791501072410672,2.1541651773449737,0.33548809185240913,0.065,4.7,0.06,0.3,4.0,1.4288992721907328
7,60.0,altitude_gain,2.0,0.25,0.5,none,,37.498297985907584,7.5523895339351315,7.417867191750652,0.0,0.49036713922210107,0.0,0.0,4.0,1,60.0,15,3.75,0,3.0637722573676105,0.4369290139821096,1.02339236955288,4.871309544454774,2.0976510775660815,0.2953406391348297,0.06577673839752203,4.570952355386659,0.0551469765634464,0.33000624819513635,3.9705706040793256,1.4182988268893335
7,60.0,altitude_gain,2.0,0.25,0.5,none,,37.27390257839016,7.297857863478719,7.1827078481976345,0.0,0.48891312250090874,0.0,0.0,4.0,2,60.0,15,3.75,0,3.075529537302045,0.4332308594739955,1.0286781930103388,4.898767576659491,2.1502003095467432,0.3373143925439519,0.06428724157605824,4.1638551873761624,0.06636539174031647,0.3114338956812706,4.134814580815061,1.44120695245206
7,60.0,altitude_gain,2.0,0.25,0.5,none,,36.87712938697497,6.812313494287183,7.337598814211472,0.0,0.4921846601235914,0.0,0.0,4.0,3,60.0,15,3.75,1,2.992047418646301,0.41612614490426003,0.9378226735964734,4.787612134713879,2.1671737359440333,0.3299218236137592,0.06268446121923109,4.336350357380637,0.05515479194800862,0.2820106664684216,4.17178330111812,1.4246835883790174
7,60.0,altitude_gain,2.0,0.25,0.5,none,,37.31020384776422,8.559582302647815,7.2727292674315605,0.0,0.48891312250090874,0.0,0.0,4.0,4,60.0,15,3.75,0,3.057109779515691,0.4264711656942207,1.0137811539502362,4.877682428318699,2.1487967765803724,0.3275317035905275,0.06381785595855352,4.180630719342732,0.059804869770326875,0.30111774343157194,3.8014708311273617,1.422012753510219
7,60.0,altitude_gain,2.0,0.25,0.5,none,,36.48788515837934,7.607965314263952,7.281110235089934,0.0,0.4921846601235914,0.0,0.0,4.0,5,60.0,15,3.75,1,2.9082874853381857,0.3970560711058426,0.853678220315663,4.6942617134748685,2.1727518333784817,0.3240985500023613,0.0624217189570092,4.63370430103694,0.06530633920429904,0.3086503437550528,3.8808036451019428,1.390010992718187
7,60.0,altitude_gain,2.0,0.25,0.5,none,,37.36743253526901,7.407087787442018,7.295185776375018,0.0,0.48891312250090874,0.0,0.0,4.0,6,60.0,15,3.75,0,3.067794398378601,0.43330413071270657,1.0318708342084681,4.891894202970015,2.1408367958996766,0.3304976147764164,0.06515637336675334,4.342580092232875,0.056498397403540186,0.2971682681197388,4.097035513386014,1.428497097086861
7,60.0,altitude_gain,2.0,0.25,0.5,none,,37.489476109633735,9.14950873152273,7.238788978962774,0.0,0.48891312250090874,0.0,0.0,4.0,7,60.0,15,3.75,0,3.081310112614406,0.4423282894720234,1.058201041393224,4.91393910125472,2.1031996886941275,0.34177064392694667,0.06848455963844179,4.77649654918772,0.05932978830249504,0.3102436540079281,3.701137032373826,1.4134153665088793
7,60.0,altitude_gain,2.0,0.25,0.5,none,,36.6091538123777,7.556518647573115,7.307404972121284,0.0,0.4921846601235914,0.0,0.0,4.0,8,60.0,15,3.75,1,2.9364832519696735,0.4056195629645903,0.8855838136615867,4.724062914522039,2.166087970445253,0.33055059802708625,0.06372026305176655,4.744203806428032,0.06066278485949688,0.2990022401977588,3.930524520257145,1.4696048105776907
7,60.0,altitude_gain,2.0,0.25,0.5,none,,36.7423599846219,7.264206056681322,7.34244014211319,0.0,0.4914576517629953,0.0,0.0,4.0,9,60.0,15,3.75,1,2.9531298729744964,0.4085653736821895,0.898571321246749,4.737968652482034,2.151142437236124,0.3156991585961169,0.06338676526046816,4.647285473614353,0.060382690645530375,0.31000871341251496,3.9854069611494864,1.4516963615488432
7,60.0,altitude_gain,2.0,0.25,0.5,none,,38.04304575499716,7.293122899150018,7.3741570489215995,0.0,0.47800799709196656,0.0,0.0,4.0,10,60.0,15,3.75,0,3.0660668867345273,0.4412325650709832,1.1535840927830858,5.023880463318343,2.1122749726875374,0.29882536093580997,0.06627358933048151,3.9902737615486155,0.052649665041493834,0.32157783887484226,4.188552246593023,1.4280565011100315
7,60.0,altitude_gain,2.0,0.25,0.5,none,,37.10061954892554,7.45247824851871,7.227167862648546,0.0,0.48891312250090874,0.0,0.0,4.0,11,60.0,15,3.75,0,3.054024147606594,0.4360723144263599,1.0096216638948046,4.867312129754052,2.147807752922437,0.35545264808601235,0.06592790622121616,4.548088603371248,0.06045684138226205,0.2898650662349152,4.103410585085613,1.4522301712184607
7,60.0,altitude_gain,2.0,0.25,0.5,none,,36.78704179424255,7.840894426158532,7.172381229341437,0.0,0.4921846601235914,0.0,0.0,4.0,12,60.0,15,3.75,1,3.0023295587292855,0.4264091176991918,0.9484576363453345,4.80154814246313,2.153037165416658,0.35588978914576047,0.06527407704739453,4.6863227333968975,0.06815294053044922,0.3030470791558441,3.95091798696667,1.4170355867813895
7,60.0,altitude_gain,2.0,0.25,0.5,none,,36.64033815746973,7.229317923409784,7.4862855167376345,0.0,0.49291166848418755,0.0,0.0,4.0,13,60.0,15,3.75,1,2.9072020620586305,0.3941078663647685,0.8597433499888755,4.685877873598083,2.149830567100877,0.3035416779676242,0.06258078308375867,4.731953134052932,0.0507171319312291,0.29305038635192376,3.9447136158850062,1.4656254103938693
7,60.0,altitude_gain,2.0,0.25,0.5,none,,37.24492247816277,8.061748297753507,7.178622147739475,0.0,0.48782260996001453,0.0,0.0,4.0,14,60.0,15,3.75,0,3.069345284626262,0.4333662468026898,1.0273931839321873,4.895713878244225,2.1408376342335402,0.34832892794242815,0.06492394526159549,4.2685017141274795,0.06515629612812958,0.30190902616838744,3.9624706899223114,1.4287107919669706
7,60.0,altitude_gain,2.0,0.25,0.5,none,,37.125623161875794,7.156440684197478,7.177264366255359,0.0,0.4881861141403126,0.0,0.0,4.0,15,60.0,15,3.75,0,3.068716599659296,0.4456538026239395,1.0344869394451814,4.896477253117206,2.14539459606236,0.3721372436808751,0.06680778830559155,4.5652735761584315,0.060716124154179485,0.2821920820822479,4.228529410068424,1.4492631579477007
7,60.0,altitude_gain,2.0,0.5,1.0,none,,37.025311755876395,7.501117964138482,7.218733196310435,0.0,0.49472918938567795,0.0,0.0,4.0,0,60.0,15,3.75,1,3.000296907478997,0.38042416447780414,0.9430088582800045,4.786966266183425,2.222094459317033,0.33411875954814313,0.065,4.7,0.06,0.3,4.0,1.4288992721907328
7,60.0,altitude_gain,2.0,0.5,1.0,none,,37.97436794585493,7.5503379660753485,7.368786396670895,0.0,0.4881861141403126,0.0,0.0,4.0,1,60.0,15,3.75,0,3.003391741368207,0.42219031945546887,1.0221485010021416,4.868353448426464,2.16607885201226,0.29372177731882576,0.06577673839752203,4.570952355386659,0.0551469765634464,0.33000624819513635,3.9705706040793256,1.4182988268893335
7,60.0,altitude_gain,2.0,0.5,1.0,none,,37.31685356145719,7.295796371533679,7.1084736391556405,0.0,0.49073064340239914,0.0,0.0,4.0,2,60.0,15,3.75,0,3.0763045991835276,0.38724384486323526,1.024961394785177,4.894386750749348,2.216140502696508,0.3361314197984207,0.06428724157605824,4.1638551873761624,0.06636539174031647,0.3114338956812706,4.134814580815061,1.44120695245206
7,60.0,altitude_gain,2.0,0.5,1.0,none,,37.04768041280409,6.810817639677298,7.27025283744663,0.0,0.4940021810250818,0.0,0.0,4.0,3,60.0,15,3.75,1,2.9914896161728217,0.3716896643338952,0.9343143821104642,4.7830112847146085,2.2555225618536583,0.32873779046971346,0.06268446121923109,4.336350357380637,0.05515479194800862,0.2820106664684216,4.17178330111812,1.4246835883790174
7,60.0,altitude_gain,2.0,0.5,1.0,none,,37.40980538039319,8.556894615269817,7.201268017534355,0.0,0.49036713922210107,0.0,0.0,4.0,4,60.0,15,3.75,0,3.0691541186060807,0.3861459757834751,1.0094527253620977,4.872408976964757,2.210730671604543,0.3261095756407524,0.06381785595855352,4.180630719342732,0.059804869770326875,0.30111774343157194,3.8014708311273617,1.422012753510219
7,60.0,altitude_gain,2.0,0.5,1.0,none,,36.82892922046454,7.60573802539854,7.207508012165906,0.0,0.4940021810250818,0.0,0.0,4.0,5,60.0,15,3.75,1,2.9115589440443084,0.362920068201329,0.8496161195385303,4.688457352596156,2.240737514424924,0.3224640402504509,0.0624217189570092,4.63370430103694,0.06530633920429904,0.3086503437550528,3.8808036451019428,1.390010992718187
7,60.0,altitude_gain,2.0,0.5,1.0,none,,37.44362114319111,7.405001521990783,7.222455783807492,0.0,0.49036713922210107,0.0,0.0,4.0,6,60.0,15,3.75,0,3.0665378873969145,0.39092184915182515,1.028733419456339,4.887957338254457,2.2044302700758434,0.3293581131210823,0.06515637336675334,4.342580092232875,0.056498397403540186,0.2971682681197388,4.097035513386014,1.428497097086861
7,60.0,altitude_gain,2.0,0.5,1.0,none,,37.3963103021036,9.146066478254047,7.164897881059157,0.0,0.490003635041803,0.0,0.0,4.0,7,60.0,15,3.75,0,3.081899876206732,0.4032827346621723,1.0542889638440327,4.909560549268587,2.131696328446583,0.3405048664235982,0.06848455963844179,4.77649654918772,0.05932978830249504,0.3102436540079281,3.701137032373826,1.4134153665088793
7,60.0,altitude_gain,2.0,0.5,1.0,none,,36.88123930781117,7.554424107713656,7.238052465915484,0.0,0.4940021810250818,0.0,0.0,4.0,8,60.0,15,3.75,1,2.937886812880242,0.3681833373934619,0.8820879596620977,4.719166123039701,2.2467311038806312,0.32903230876231254,0.06372026305176655,4.744203806428032,0.06066278485949688,0.2990022401977588,3.930524520257145,1.4696048105776907
7,60.0,altitude_gain,2.0,0.5,1.0,none,,37.159079450588315,7.262240978768765,7.270830379080689,0.0,0.49363867684478374,0.0,0.0,4.0,9,60.0,15,3.75,1,2.9574239594706433,0.3792762204953877,0.8959271500958128,4.733176413888026,2.221608082072498,0.3141341394938699,0.06338676526046816,4.647285473614353,0.060382690645530375,0.31000871341251496,3.9854069611494864,1.4516963615488432
7,60.0,altitude_gain,2.0,0.5,1.0,none,,38.36663744550886,7.2911672362959505,7.311659570814565,0.0,0.47909850963286077,0.0,0.0,4.0,10,60.0,15,3.75,0,3.0645148613146977,0.4178039124393079,1.1507393021390482,5.019874863660609,2.181700086620155,0.2976380471671066,0.06627358933048151,3.9902737615486155,0.052649665041493834,0.32157783887484226,4.188552246593023,1.4280565011100315
7,60.0,altitude_gain,2.0,0.5,1.0,none,,37.12477404980715,7.450514796358963,7.155570621809874,0.0,0.4910941475826972,0.0,0.0,4.0,11,60.0,15,3.75,0,3.0521757347818332,0.3855500265075353,1.006467675797746,4.863379184563739,2.1904090119472133,0.3544031046944641,0.06592790622121616,4.548088603371248,0.06045684138226205,0.2898650662349152,4.103410585085613,1.4522301712184607
7,60.0,altitude_gain,2.0,0.5,1.0,none,,36.75387609674098,7.838600309325695,7.093511712420056,0.0,0.49363867684478374,0.0,0.0,4.0,12,60.0,15,3.75,1,3.0047098538115216,0.3768631426360902,0.9449721587467614,4.797743218281229,2.1996596610707995,0.35462060881659785,0.06527407704739453,4.6863227333968975,0.06815294053044922,0.3030470791558441,3.95091798696667,1.4170355867813895
7,60.0,altitude_gain,2.0,0.5,1.0,none,,37.17241776783923,7.227433358916722,7.419482436444234,0.0,0.4940021810250818,0.0,0.0,4.0,13,60.0,15,3.75,1,2.9086515872216556,0.376279995125615,0.8578320821927792,4.680476121340038,2.2350921376356157,0.3018213054923017,0.06258078308375867,4.731953134052932,0.0507171319312291,0.29305038635192376,3.9447136158850062,1.4656254103938693
7,60.0,altitude_gain,2.0,0.5,1.0,none,,37.17504628435924,8.059116915308085,7.107609005048699,0.0,0.48964013086150493,0.0,0.0,4.0,14,60.0,15,3.75,0,3.072659210175956,0.38528433665381345,1.0235487020098502,4.891518404480921,2.1881414409466258,0.34713476532087584,0.06492394526159549,4.2685017141274795,0.06515629612812958,0.30190902616838744,3.9624706899223114,1.4287107919669706
7,60.0,altitude_gain,2.0,0.5,1.0,none,,37.350547328795116,7.154506764539008,7.12828701580649,0.0,0.49036713922210107,0.0,0.0,4.0,15,60.0,15,3.75,0,3.0707607252653055,0.3904692244635967,1.032748557910702,4.893737963861343,2.1848109931152244,0.3713852331655859,0.06680778830559155,4.5652735761584315,0.060716124154179485,0.2821920820822479,4.228529410068424,1.4492631579477007
7,60.0,altitude_gain,2.0,1.0,2.0,none,,37.79587907930803,7.49699647721879,7.357452017552144,0.0,0.49909123954925483,0.0,0.0,4.0,0,60.0,15,3.75,1,3.0068448427066494,0.4481802536073163,0.9438847367729405,4.777964581552997,1.8992020954175912,0.3305399637328825,0.065,4.7,0.06,0.3,4.0,1.4288992721907328
7,60.0,altitude_gain,2.0,1.0,2.0,none,,38.42282134989025,7.546234048441775,7.46329276402375,0.0,0.49363867684478374,0.0,0.0,4.0,1,60.0,15,3.75,0,3.023873614513582,0.4850720278466039,1.0360646366109996,4.868876694133007,1.8799021726028449,0.2923188502396518,0.06577673839752203,4.570952355386659,0.0551469765634464,0.33000624819513635,3.9705706040793256,1.4182988268893335
7,60.0,altitude_gain,2.0,1.0,2.0,none,,37.927795735584695,7.29167263864137,7.209551862384145,0.0,0.49581970192657215,0.0,0.0,4.0,2,60.0,15,3.75,0,3.0853173278361417,0.4482507249685003,1.0246077439594776,4.887192844284284,1.9120621898709236,0.3333673182614336,0.06428724157605824,4.1638551873761624,0.06636539174031647,0.3114338956812706,4.134814580815061,1.44120695245206
7,60.0,altitude_gain,2.0,1.0,2.0,none,,37.79127146100361,6.807825510185619,7.391398267866218,0.0,0.49727371864776443,0.0,0.0,4.0,3,60.0,15,3.75,1,3.004083478023946,0.43954447020503135,0.9359474727830388,4.775685326520441,1.9040138044523378,0.3254936666770769,0.06268446121923109,4.336350357380637,0.05515479194800862,0.2820106664684216,4.17178330111812,1.4246835883790174
7,60.0,altitude_gain,2.0,1.0,2.0,none,,38.09351306987996,8.551517968128435,7.247987114617736,0.0,0.49581970192657215,0.0,0.0,4.0,4,60.0,15,3.75,0,3.077444960168557,0.4516438423049945,1.012811789054319,4.866212656734445,1.914386797348367,0.3231695536298028,0.06381785595855352,4.180630719342732,0.059804869770326875,0.30111774343157194,3.8014708311273617,1.422012753510219
7,60.0,altitude_gain,2.0,1.0,2.0,none,,37.40887136157045,7.601282553709942,7.451079021867155,0.0,0.5005452562704471,0.0,0.0,4.0,5,60.0,15,3.75,1,2.921069091560468,0.431253529011255,0.8568178540030031,4.682976928368606,1.9414459899612713,0.31898770336840465,0.0624217189570092,4.63370430103694,0.06530633920429904,0.3086503437550528,3.8808036451019428,1.390010992718187
7,60.0,altitude_gain,2.0,1.0,2.0,none,,38.15264603280011,7.4008282305205,7.316415811813046,0.0,0.4954561977462741,0.0,0.0,4.0,6,60.0,15,3.75,0,3.0923116478562376,0.45750355360989386,1.0313005430470406,4.881140608017379,1.892815165213624,0.3263498949854678,0.06515637336675334,4.342580092232875,0.056498397403540186,0.2971682681197388,4.097035513386014,1.428497097086861
7,60.0,altitude_gain,2.0,1.0,2.0,none,,38.17358040093699,9.139180044325693,7.261083848388232,0.0,0.4961832061068702,0.0,0.0,4.0,7,60.0,15,3.75,0,3.094090153801828,0.4773404939734211,1.0555224047813336,4.901249308455397,1.9108843472449275,0.3367920001408217,0.06848455963844179,4.77649654918772,0.05932978830249504,0.3102436540079281,3.701137032373826,1.4134153665088793
7,60.0,altitude_gain,2.0,1.0,2.0,none,,37.614582253468676,7.550234228084077,7.4458088786595225,0.0,0.49981824790985097,0.0,0.0,4.0,8,60.0,15,3.75,1,2.943202655923616,0.43774108858764393,0.884589005256703,4.710257342360999,1.911865975126324,0.32529728654810725,0.06372026305176655,4.744203806428032,0.06066278485949688,0.2990022401977588,3.930524520257145,1.4696048105776907
7,60.0,altitude_gain,2.0,1.0,2.0,none,,37.70789786589858,7.258310118284247,7.484614532181983,0.0,0.4994547437295529,0.0,0.0,4.0,9,60.0,15,3.75,1,2.9632696144602537,0.44751969557339555,0.9024679762631449,4.726482515394091,1.9125618728812634,0.3107950723118515,0.06338676526046816,4.647285473614353,0.060382690645530375,0.31000871341251496,3.9854069611494864,1.4516963615488432
7,60.0,altitude_gain,2.0,1.0,2.0,none,,38.80135851039823,7.287255229098109,7.421386337110419,0.0,0.4827335514358415,0.0,0.0,4.0,10,60.0,15,3.75,0,3.0740331854265808,0.4843031436960388,1.1579239981634306,5.018817515895465,1.8753435812349195,0.2964161150262505,0.06627358933048151,3.9902737615486155,0.052649665041493834,0.32157783887484226,4.188552246593023,1.4280565011100315
7,60.0,altitude_gain,2.0,1.0,2.0,none,,37.854773717861136,7.446587196442676,7.234492818101672,0.0,0.4965467102871683,0.0,0.0,4.0,11,60.0,15,3.75,0,3.0671877524096973,0.44922978838238137,1.0023149927226858,4.852977347498408,1.9077627286949659,0.35041350458596265,0.06592790622121616,4.548088603371248,0.06045684138226205,0.2898650662349152,4.103410585085613,1.4522301712184607
7,60.0,altitude_gain,2.0,1.0,2.0,none,,37.555449225124384,7.834011130080722,7.242142221781639,0.0,0.500181752090149,0.0,0.0,4.0,12,60.0,15,3.75,1,3.013962202106787,0.43757654432030757,0.9393682238298577,4.785597518615988,1.9214555320583389,0.35058995988021513,0.06527407704739453,4.6863227333968975,0.06815294053044922,0.3030470791558441,3.95091798696667,1.4170355867813895
7,60.0,altitude_gain,2.0,1.0,2.0,none,,37.72523538469275,7.223663580072885,7.490096124247743,0.0,0.4994547437295529,0.0,0.0,4.0,13,60.0,15,3.75,1,2.9182760496714453,0.4419038360228364,0.8703621160832554,4.678362685291551,1.9395554152680736,0.2985145215601927,0.06258078308375867,4.731953134052932,0.0507171319312291,0.29305038635192376,3.9447136158850062,1.4656254103938693
7,60.0,altitude_gain,2.0,1.0,2.0,none,,37.91579518211324,8.053852978721169,7.133914184853423,0.0,0.495092693565976,0.0,0.0,4.0,14,60.0,15,3.75,0,3.0866997647360854,0.4459832798492485,1.0212635406960098,4.882802031947029,1.9230574877824735,0.3437733444293715,0.06492394526159549,4.2685017141274795,0.06515629612812958,0.30190902616838744,3.9624706899223114,1.4287107919669706
7,60.0,altitude_gain,2.0,1.0,2.0,none,,37.72565005407917,7.150638276395628,7.168602852299648,0.0,0.49581970192657215,0.0,0.0,4.0,15,60.0,15,3.75,0,3.0784455968715716,0.4479752810662787,1.0244451650090314,4.88192416129557,1.9465763683112869,0.36676094250362967,0.06680778830559155,4.5652735761584315,0.060716124154179485,0.2821920820822479,4.228529410068424,1.4492631579477007
7,60.0,altitude_gain,2.0,2.0,4.0,none,,38.976244496397925,8.21310783883135,7.5402218744894185,0.0,0.5038167938931297,0.0,0.0,4.0,0,60.0,15,3.75,1,3.0167607922266155,0.5340363523074152,0.9476016005235672,4.772935919923093,1.897441680807941,0.3273199368113723,0.065,4.7,0.06,0.3,4.0,1.4288992721907328
7,60.0,altitude_gain,2.0,2.0,4.0,none,,39.40929177016878,8.417881741773966,7.682594762261824,0.0,0.4961832061068702,0.0,0.0,4.0,1,60.0,15,3.75,0,3.028138107774201,0.5733621081110887,1.0461048969267037,4.868588098589022,1.929919948385087,0.2907202640083304,0.06577673839752203,4.570952355386659,0.0551469765634464,0.33000624819513635,3.9705706040793256,1.4182988268893335
7,60.0,altitude_gain,2.0,2.0,4.0,none,,39.073655830598874,7.817079428027851,7.5389576346180585,0.0,0.5009087604507452,0.0,0.0,4.0,2,60.0,15,3.75,0,3.0980220083707506,0.5427631282685691,1.0316430359719633,4.8813807536645415,1.8624401501349854,0.32960370653833165,0.06428724157605824,4.1638551873761624,0.06636539174031647,0.3114338956812706,4.134814580815061,1.44120695245206
7,60.0,altitude_gain,2.0,2.0,4.0,none,,38.74293214635434,7.922367474682921,7.609431783223552,0.0,0.5005452562704471,0.0,0.0,4.0,3,60.0,15,3.75,1,3.0080538637730605,0.5193375044014739,0.9379383558652618,4.766905559937751,1.902089355077615,0.32125847307522687,0.06268446121923109,4.336350357380637,0.05515479194800862,0.2820106664684216,4.17178330111812,1.4246835883790174
7,60.0,altitude_gain,2.0,2.0,4.0,none,,39.26338015204993,8.540932456805175,7.458523288798201,0.0,0.49872773536895676,0.0,0.0,4.0,4,60.0,15,3.75,0,3.080599551067091,0.5471434323857306,1.0174277342571707,4.862168865474198,1.9001656284719814,0.320255015134235,0.06381785595855352,4.180630719342732,0.059804869770326875,0.30111774343157194,3.8014708311273617,1.422012753510219
7,60.0,altitude_gain,2.0,2.0,4.0,none,,38.73352085925651,7.711075806594901,7.556913131886295,0.0,0.5034532897128317,0.0,0.0,4.0,5,60.0,15,3.75,1,2.928525836270254,0.5357979031734732,0.8620683722858792,4.671037378318082,1.897791095181422,0.31299992584148056,0.0624217189570092,4.63370430103694,0.06530633920429904,0.3086503437550528,3.8808036451019428,1.390010992718187
7,60.0,altitude_gain,2.0,2.0,4.0,none,,39.22759163887315,8.2127157551541,7.5322661549903165,0.0,0.4980007270083606,0.0,0.0,4.0,6,60.0,15,3.75,0,3.0869986103156704,0.5360084825463336,1.037511995756479,4.879404451717994,1.8995846772416052,0.3243398472971302,0.06515637336675334,4.342580092232875,0.056498397403540186,0.2971682681197388,4.097035513386014,1.428497097086861
7,60.0,altitude_gain,2.0,2.0,4.0,none,,39.26554713784941,9.125949199881783,7.66327944794401,0.0,0.4983642311886587,0.0,0.0,4.0,7,60.0,15,3.75,0,3.094574427301198,0.5751804116959474,1.063459276075444,4.89814276638328,1.9115716795445628,0.33367445229074866,0.06848455963844179,4.77649654918772,0.05932978830249504,0.3102436540079281,3.701137032373826,1.4134153665088793
7,60.0,altitude_gain,2.0,2.0,4.0,none,,38.90518627036815,8.08367228058069,7.628793120850405,0.0,0.504907306434024,0.0,0.0,4.0,8,60.0,15,3.75,1,2.9572719505548686,0.5325336192986796,0.8860343466106385,4.700706925772208,1.9008241177715366,0.32052576688808204,0.06372026305176655,4.744203806428032,0.06066278485949688,0.2990022401977588,3.930524520257145,1.4696048105776907
7,60.0,altitude_gain,2.0,2.0,4.0,none,,38.97032205136336,7.85616562341297,7.5978809857697485,0.0,0.5063613231552163,0.0,0.0,4.0,9,60.0,15,3.75,1,2.970015643342201,0.5465143775837548,0.9069727609306132,4.716281059840559,1.8859395466183997,0.3054858630105219,0.06338676526046816,4.647285473614353,0.060382690645530375,0.31000871341251496,3.9854069611494864,1.4516963615488432
7,60.0,altitude_gain,2.0,2.0,4.0,none,,39.68601097958309,8.418103609897477,7.628872202106983,0.0,0.48491457651763,0.0,0.0,4.0,10,60.0,15,3.75,0,3.0749106372785797,0.5750837221114045,1.164867984388898,5.01792410168405,1.9232578617715228,0.2942692362094692,0.06627358933048151,3.9902737615486155,0.052649665041493834,0.32157783887484226,4.188552246593023,1.4280565011100315
7,60.0,altitude_gain,2.0,2.0,4.0,none,,38.82708077282219,7.979598390750455,7.540650776605087,0.0,0.500181752090149,0.0,0.0,4.0,11,60.0,15,3.75,0,3.0720437723584273,0.5210416564939201,1.0061103960297533,4.848746872600019,1.9201903993338432,0.3477884284210435,0.06592790622121616,4.548088603371248,0.06045684138226205,0.2898650662349152,4.103410585085613,1.4522301712184607
7,60.0,altitude_gain,2.0,2.0,4.0,none,,38.78538227409878,7.993138221095911,7.525984080074429,0.0,0.5023627771719374,0.0,0.0,4.0,12,60.0,15,3.75,1,3.018553451929879,0.5261467857977702,0.9400245870296313,4.776873153740804,1.8877459091215696,0.34651304351928913,0.06527407704739453,4.6863227333968975,0.06815294053044922,0.3030470791558441,3.95091798696667,1.4170355867813895
7,60.0,altitude_gain,2.0,2.0,4.0,none,,38.93551967859889,7.988699494516926,7.620814925639157,0.0,0.5023627771719374,0.0,0.0,4.0,13,60.0,15,3.75,1,2.92879884184647,0.5390489181142079,0.8741731948004657,4.667934060410738,1.9268834541294932,0.29331992558426456,0.06258078308375867,4.731953134052932,0.0507171319312291,0.29305038635192376,3.9447136158850062,1.4656254103938693
7,60.0,altitude_gain,2.0,2.0,4.0,none,,39.09799230508015,8.053855817706216,7.471324879384337,0.0,0.4980007270083606,0.0,0.0,4.0,14,60.0,15,3.75,0,3.085670246819427,0.5332796127469471,1.0264381741270947,4.87895511107009,1.8862820107621812,0.34095566401673055,0.06492394526159549,4.2685017141274795,0.06515629612812958,0.30190902616838744,3.9624706899223114,1.4287107919669706
7,60.0,altitude_gain,2.0,2.0,4.0,none,,38.42087332205991,7.872237492629062,7.5320671339208545,0.0,0.5005452562704471,0.0,0.0,4.0,15,60.0,15,3.75,0,3.0884855239403928,0.5179277596433212,1.0263857660730922,4.8756491523034855,1.9283565087066312,0.3635559186832811,0.06680778830559155,4.5652735761584315,0.060716124154179485,0.2821920820822479,4.228529410068424,1.4492631579477007
7,60.0,altitude_gain,2.0,4.0,8.0,none,,39.399637267151455,8.740976616863943,7.55762205783325,0.0,0.5038167938931297,0.0,0.0,4.0,0,60.0,15,3.75,1,3.021806279362469,0.5888613429877518,0.9388716227904644,4.760965723719359,1.969894712554457,0.3230234855270037,0.065,4.7,0.06,0.3,4.0,1.4288992721907328
7,60.0,altitude_gain,2.0,4.0,8.0,none,,39.62199474314242,8.955902814250805,7.441326596762457,0.0,0.4983642311886587,0.0,0.0,4.0,1,60.0,15,3.75,0,3.032655818263794,0.63437080153635,1.0374955970192845,4.854969741216895,1.964956211683424,0.2850081408820903,0.06577673839752203,4.570952355386659,0.0551469765634464,0.33000624819513635,3.9705706040793256,1.4182988268893335
7,60.0,altitude_gain,2.0,4.0,8.0,none,,39.51134407629769,8.562999440638796,7.5158216186066475,0.0,0.5012722646310432,0.0,0.0,4.0,2,60.0,15,3.75,0,3.0975248321224376,0.5850685651205774,1.02571687938511,4.874520360370847,1.9412354764530142,0.3269053980930918,0.06428724157605824,4.1638551873761624,0.06636539174031647,0.3114338956812706,4.134814580815061,1.44120695245206
7,60.0,altitude_gain,2.0,4.0,8.0,none,,39.28947652353301,8.654477158158313,7.6223918316039425,0.0,0.5012722646310432,0.0,0.0,4.0,3,60.0,15,3.75,1,3.009679653958674,0.5699759528904624,0.9329547456336335,4.761271126418419,2.0345948953109105,0.3188205195307774,0.06268446121923109,4.336350357380637,0.05515479194800862,0.2820106664684216,4.17178330111812,1.4246835883790174
7,60.0,altitude_gain,2.0,4.0,8.0,none,,39.57192639610543,8.757502116526714,7.492544986535774,0.0,0.5016357688113413,0.0,0.0,4.0,4,60.0,15,3.75,0,3.0837538788713066,0.5948840219028909,1.0114944805996275,4.852201564801213,1.949686758353657,0.31639642518371885,0.06381785595855352,4.180630719342732,0.059804869770326875,0.30111774343157194,3.8014708311273617,1.422012753510219
7,60.0,altitude_gain,2.0,4.0,8.0,none,,39.24095594570379,8.000050151611848,7.57718586518219,0.0,0.504907306434024,0.0,0.0,4.0,5,60.0,15,3.75,1,2.934497669381365,0.5775096634675373,0.856207520296119,4.6653013119940585,1.95261354005769,0.3109173929414137,0.0624217189570092,4.63370430103694,0.06530633920429904,0.3086503437550528,3.8808036451019428,1.390010992718187
7,60.0,altitude_gain,2.0,4.0,8.0,none,,39.50257135518739,8.73292860518689,7.437195376892417,0.0,0.5016357688113413,0.0,0.0,4.0,6,60.0,15,3.75,0,3.093857718481056,0.5874546038830782,1.0273808161985067,4.866748291786869,1.9397609146717432,0.3193209480348899,0.06515637336675334,4.342580092232875,0.056498397403540186,0.2971682681197388,4.097035513386014,1.428497097086861
7,60.0,altitude_gain,2.0,4.0,8.0,none,,39.441926515584385,9.106620265547946,7.630770899755109,0.0,0.5019992729916394,0.0,0.0,4.0,7,60.0,15,3.75,0,3.101452355656338,0.6015266583707692,1.0530618079306004,4.887751465012232,1.9475585539240259,0.3299192507255347,0.06848455963844179,4.77649654918772,0.05932978830249504,0.3102436540079281,3.701137032373826,1.4134153665088793
7,60.0,altitude_gain,2.0,4.0,8.0,none,,39.30165034877779,8.440497563627106,7.62109129570491,0.0,0.5059978189749182,0.0,0.0,4.0,8,60.0,15,3.75,1,2.957426051553768,0.5765435481421706,0.8805568333500006,4.693878058422066,2.0434435750021005,0.3180653721410574,0.06372026305176655,4.744203806428032,0.06066278485949688,0.2990022401977588,3.930524520257145,1.4696048105776907
7,60.0,altitude_gain,2.0,4.0,8.0,none,,39.48285564370573,8.278508473671314,7.644479995503785,0.0,0.5067248273355144,0.0,0.0,4.0,9,60.0,15,3.75,1,2.9743863304980844,0.591505958347884,0.8993592891840979,4.710030619246083,1.9705496463855696,0.30348250772098356,0.06338676526046816,4.647285473614353,0.060382690645530375,0.31000871341251496,3.9854069611494864,1.4516963615488432
7,60.0,altitude_gain,2.0,4.0,8.0,none,,39.79862232563632,8.703583239011252,7.31238271154871,0.0,0.48745910577971646,0.0,0.0,4.0,10,60.0,15,3.75,0,3.079832257081911,0.6152405734252889,1.1572146834184742,5.008442001347786,1.9431113414947367,0.2903320956444588,0.06627358933048151,3.9902737615486155,0.052649665041493834,0.32157783887484226,4.188552246593023,1.4280565011100315
7,60.0,altitude_gain,2.0,4.0,8.0,none,,39.0604188606482,8.462889995792986,7.414862940633931,0.0,0.5030897855325336,0.0,0.0,4.0,11,60.0,15,3.75,1,3.071520206237257,0.5575849238207806,0.9959337808948373,4.8379318312968325,1.936126627831128,0.34359350482834433,0.06592790622121616,4.548088603371248,0.06045684138226205,0.2898650662349152,4.103410585085613,1.4522301712184607
7,60.0,altitude_gain,2.0,4.0,8.0,none,,39.13774324802015,8.532629663396042,7.524734149715382,0.0,0.5041802980734278,0.0,0.0,4.0,12,60.0,15,3.75,1,3.0194735846625864,0.56909346751899,0.934758820221364,4.7688570383817135,1.9610331687796927,0.3434109480278087,0.06527407704739453,4.6863227333968975,0.06815294053044922,0.3030470791558441,3.95091798696667,1.4170355867813895
7,60.0,altitude_gain,2.0,4.0,8.0,none,,39.44145392151359,8.74537787370013,7.569942878975088,0.0,0.504543802253726,0.0,0.0,4.0,13,60.0,15,3.75,1,2.935296424784118,0.5973223261346401,0.8630181675317182,4.657816215092801,2.0455450819685232,0.29001280606731467,0.06258078308375867,4.731953134052932,0.0507171319312291,0.29305038635192376,3.9447136158850062,1.4656254103938693
7,60.0,altitude_gain,2.0,4.0,8.0,none,,39.40210832117081,8.55368974478402,7.469596335058328,0.0,0.5012722646310432,0.0,0.0,4.0,14,60.0,15,3.75,0,3.0931485161111856,0.5769486344169455,1.0203655393828768,4.869819019215941,1.9316906266144074,0.3373510970723689,0.06492394526159549,4.2685017141274795,0.06515629612812958,0.30190902616838744,3.9624706899223114,1.4287107919669706
7,60.0,altitude_gain,2.0,4.0,8.0,none,,38.63173011540358,8.104689740230517,7.321997413676873,0.0,0.5027262813522355,0.0,0.0,4.0,15,60.0,15,3.75,0,3.09147312418188,0.5369454030885062,1.016074320697093,4.866643430750645,1.9331221601974793,0.3603505733194571,0.06680778830559155,4.5652735761584315,0.060716124154179485,0.2821920820822479,4.228529410068424,1.4492631579477007
